0,currentEnergy,Binding Energy,dist_activesite,dist_activesite2,dist_Ser_to_His,dist_SerH_to_His,dist_His_Asp,dist_His_Asp2,dist_Ser238,dist_Ser238_2,dist_Ser238_3,dist_Ser238_4,dist_Ser238_5,dist_Ser238_6,dist_Ser238_to_His,dist_Ser238H_to_His,dist_His273_Asp,dist_His273_Asp2,sasaSer,sasaSer238,sasaLig
1,-11592.580887096778,-43.07163545161292,32.956408064516125,34.2694193548387,2.8021157258064515,1.9071286290322582,1.5812429032258064,3.07289693548387,11.71655427419355,13.311109677419356,15.594044354838708,13.736176612903229,14.064020967741932,15.962833709677419,2.982438790322581,2.063140241935483,3.4314088709677417,1.5272129838709674,0.0007580645161290322,0.04246774193548388,0.5698840725806452
2,-11614.214426362898,-73.91164984540278,27.015004882017898,30.364206997558988,2.8164451993490642,1.9226864198535394,1.58674065093572,3.129726769731489,9.809795549227015,6.510204865744507,7.4880145809601295,10.55938997558991,5.1747688364524,7.487612774613506,2.9210917737998376,1.9824551505288852,3.3722828641171683,1.5354032546786005,0.00045240032546786007,0.0006623270951993492,0.2900641781936534
3,-11622.590097879283,-71.385095588907,27.85656133768352,26.652176835236542,2.7984665252854812,1.9066941924959215,1.5700127243066884,3.0532522675367044,10.877436672104405,5.550399608482871,5.867855334420881,11.155577259380099,10.514841337683524,10.289177569331159,3.3194128711256115,2.743399951060359,3.4428776182707987,1.5245942577487765,0.0001761827079934747,0.002812398042414356,0.41857797063621527
4,-11634.712535925613,-54.19271371935757,31.663457142857144,31.590979712595097,2.7994940152155534,1.9116303296703294,1.56554157227388,3.0426034488588334,13.140399678782755,14.398774835164835,17.140664412510567,15.906193153000846,17.64201259509721,20.07587349112426,3.0649056720202874,2.142633279797126,3.5187692983939143,1.5314865765004224,0.00014370245139475908,0.04271851225697378,0.4590115308537617
5,-11588.25715083799,-33.02870296089385,34.616102793296086,34.49175139664805,2.8001754189944132,1.9107439106145252,1.5684392737430168,3.0397943575418997,18.436356089385473,16.764973854748604,16.16163189944134,17.755182122905026,16.14750279329609,15.488807094972067,3.017745642458101,2.0990675418994416,3.469518100558659,1.533661899441341,0.0005754189944134079,0.04839106145251396,0.4714072793296089
6,-11652.080979715147,-86.12103355589124,25.435787095381958,26.370166033664226,2.8260043547690983,1.9318300949503668,1.5944808675010793,3.153488200258955,5.230498100992664,7.6938123996547265,8.168861337936988,4.7450822788088045,10.285591976694,12.539845446698315,2.93461797151489,2.042157557186016,3.2693564825205,1.5309509495036688,0.0002796719896417782,0.0005744497194648252,0.2923383668536901
7,-11599.085499999997,-60.53489852307692,29.497218846153846,26.340922692307693,2.799547846153846,1.9076826923076924,1.5697870769230768,3.0458484615384616,13.704417076923077,12.571332961538461,11.200158538461539,12.53144026923077,8.707089615384616,7.055707923076923,2.8808494230769233,1.9438860769230768,3.4109455,1.5290101923076922,0.000626923076923077,0.0029307692307692307,0.4224574230769231
8,-11617.084324786325,-53.13596667350427,38.32766427350427,37.0153358974359,2.8077910427350425,1.9157013162393162,1.577479452991453,3.0673604273504274,11.533319743589745,15.859248376068376,15.554669230769234,9.333820769230769,14.549142735042734,16.331455042735044,3.0460706666666666,2.1646054871794873,3.3967667521367524,1.5389072136752138,0.00038119658119658114,2.2222222222222223e-05,0.4592985709401709
9,-11644.699613439305,-65.68534139631501,27.0488675216763,25.76757268786127,2.8083290462427746,1.908610498554913,1.5926783345375721,3.1091921062138725,9.75791940751445,7.974351044075145,4.317192915462428,8.05663775650289,7.9382764812138715,7.619104458092486,3.0019907261560697,2.098483280346821,3.473058005780347,1.5217904624277458,0.00018569364161849711,0.00038981213872832376,0.34722163836705205
10,-11607.518036578806,-56.58208626788596,36.42264437869823,34.619681280258206,2.7971574394835934,1.899673405056482,1.5733536309844003,3.0715009521247985,19.862048789671867,21.445304195804198,18.370539429800967,16.644539644970415,18.797402743410437,18.50560909090909,2.995392339967724,2.0962342173211406,3.38333608929532,1.5426430876815491,8.983324367939753e-05,0.0016756320602474455,0.4585570511027434
11,-11545.08634408602,-33.064693569892476,37.003689247311826,36.64259569892474,2.808511182795699,1.9199566666666668,1.5735331182795698,3.024943118279569,15.400219354838706,17.380424731182796,18.185777419354835,15.49551720430108,15.430779569892465,18.350794623655908,3.0111099999999986,2.0937576344086026,3.4317988172043017,1.5338238709677423,0.0030537634408602152,0.050666666666666665,0.5831150215053763
12,-11597.376566820276,-56.395327253456216,38.36719815668203,39.31131105990783,2.812879677419355,1.9227998847926266,1.5736981105990782,3.0521901612903224,11.113727995391706,16.137814976958527,17.22619237327189,10.442433179723501,14.934724654377879,16.993510829493086,3.044589516129032,2.1595759216589863,3.413856359447005,1.5405141705069123,0.0006244239631336405,0.0007165898617511522,0.4008987741935484
13,-11572.262665036675,-30.81511725403423,42.53662811735942,40.65476748166259,2.808318899755501,1.9187779951100243,1.5722660880195598,3.0571006601466992,16.813909217603914,20.19462665036675,19.123870904645475,16.84117674816626,21.22101540342298,20.60386748166259,2.9593217603911977,2.038761833740831,3.366879755501223,1.538285085574572,0.0010831295843520784,0.05272860635696822,0.5115052004889975
14,-11670.365321707757,-56.66539097053518,31.56482242934456,27.92709831629585,2.810819957907396,1.916427558628984,1.5830552194828622,3.1191056103427544,10.498003962717979,7.836027197835238,4.61960134696332,8.714102760072159,8.279869224293446,7.272778634996994,2.9366182200841853,2.016376127480457,3.400841485267588,1.5470212026458205,0.000269993986770896,0.001512327119663259,0.348654966325917
15,-11645.22456043956,-78.33466636630037,28.44102606837607,27.868959584859585,2.8137072222222224,1.922503308913309,1.5739907326007327,3.065651288156288,11.437185989010988,9.945945415140416,7.132151898656899,9.764592295482297,10.467724059829061,10.446462515262516,2.8683960317460313,1.9251501953601955,3.440726166056166,1.5347533882783884,0.00035775335775335774,0.044086080586080593,0.403223626984127
16,-11592.073496855346,-42.84472494415094,34.028501635220124,33.82231245283019,2.784318377358491,1.8877199748427673,1.5685986540880503,3.053478754716981,17.449628050314466,18.798821886792453,20.61335672955975,18.922915849056604,21.366316855345907,23.51584968553459,3.044088503144654,2.1248509811320755,3.4204957484276735,1.5367913081761004,0.000169811320754717,0.04459119496855345,0.43517662389937106
17,-11497.835000000003,-17.186906413793103,36.25480862068966,36.13379482758621,2.8077505172413795,1.919386896551724,1.570956724137931,3.009786724137931,14.863134655172415,14.38084275862069,14.12940431034483,14.498323103448273,14.16649724137931,14.405752931034485,3.0133831034482754,2.107526206896552,3.4123103448275867,1.5328677586206896,0.003724137931034483,0.005344827586206896,0.5932711896551726
18,-11648.922923819742,-68.61453471030042,35.48662655579399,32.56519248927039,2.8024534495708155,1.9044237017167382,1.5833669098712446,3.1235339860515023,13.470925268240343,18.337454238197424,18.60574844420601,12.322882081545066,17.669314538626608,19.675776877682402,2.8497691791845496,1.906314120171674,3.300692011802575,1.5494160032188842,0.0001351931330472103,0.038877145922746784,0.4640874222103004
19,-11641.114406210658,-105.76731785984053,32.07983890054553,30.73427331095258,2.807089232060428,1.9126384389425095,1.5817609441879983,3.122761414183802,7.87821337809484,13.26283852287033,14.501445530843478,8.366819253042383,10.873140704993707,14.535529458665549,3.0593050314729333,2.137968577423416,3.536891393201846,1.5262923583718004,6.378514477549307e-05,0.09018506084767099,0.35757854301300884
20,-11633.784437669376,-75.40598724254743,34.84259430894309,35.70621185636857,2.805182466124661,1.9141268428184282,1.5706913346883467,3.0446357926829264,20.877322222222222,19.48637743902439,18.866620460704606,19.67485304878049,15.936179945799458,12.289761111111114,3.0701193021680213,2.1487495392953933,3.4811978794037937,1.5299899051490513,8.875338753387535e-05,0.03989092140921409,0.47750390311653124
21,-11554.279105691057,-29.72978243089431,33.213375609756106,32.018360162601624,2.8078560162601627,1.9169744715447155,1.5755739837398377,3.0277295934959354,16.161635853658535,14.393660162601627,13.85353650406504,15.461059918699185,14.601097642276422,14.662477398373985,3.0059646341463417,2.0953426016260166,3.419342926829268,1.5353365853658536,0.0015284552845528457,0.004975609756097562,0.5234327073170733
22,-11629.077860058309,-50.90365567935861,35.60919947521865,31.706341865889215,2.8070516151603506,1.914530425655976,1.5722218250728868,3.0577797842565593,17.853398017492708,21.155319241982507,19.87492734693878,15.481173644314872,17.947661107871724,21.88598489795919,3.013405889212829,2.0918771661807587,3.460884513119533,1.5325549737609332,0.00011253644314868805,0.04406064139941691,0.4819162851311954
23,-11596.34800767918,-37.31242474023037,31.272240998293515,33.63100469283277,2.802342346416382,1.9115692875426622,1.5763154863481228,3.097364091296928,8.548869547781571,13.897137691979522,13.51151201791809,8.107172879692833,13.13973119880546,13.376609261945394,2.8912919880546073,1.954490170648464,3.367359227815699,1.5251777175767918,0.00011092150170648464,3.924914675767918e-05,0.46693029479522186
24,-11614.338204558087,-48.18270510505837,36.53198604780434,36.542818788215676,2.803550100055587,1.913040144524736,1.5696611228460253,3.0525917620900502,13.93450545302946,17.17344763757643,16.924760311284047,13.171834018899387,11.922660422456921,15.365581045025014,3.0435955586436907,2.147193296275709,3.365083023902168,1.5441216342412452,0.0001122846025569761,0.0002351306281267371,0.474147021122846
25,-11622.259002920317,-59.28356884897789,35.42452799332499,37.183228827701285,2.8114220317062997,1.916273483521068,1.5869718356278681,3.135349904046725,21.965317813934085,21.648621818940338,20.925744096787653,22.489953233208176,18.178382436378808,15.370490446391322,2.996546211931581,2.079673842302878,3.4553984730913645,1.5320161827284107,0.0002077596996245307,0.05308719232373801,0.4677071380892783
26,-11607.740634615386,-42.996158290384614,34.96020442307692,36.940363269230765,2.808554846153846,1.91774525,1.5753343846153847,3.0638177115384613,21.4036405,19.949318653846156,20.081230384615385,22.048700769230773,18.28149846153846,18.35536153846154,3.0762580961538464,2.1581303653846153,3.4340839230769236,1.534811326923077,0.000401923076923077,0.044326923076923076,0.44096475
27,-11604.663389355743,-43.45082330532213,32.83359775910364,33.04925518207283,2.8038280112044816,1.9082972268907563,1.5744718767507002,3.0759451540616243,11.04964450980392,13.567250840336136,14.310380112044818,12.537049327731092,15.488250980392156,16.694852100840336,3.0421929411764705,2.136330308123249,3.463060280112045,1.5361745938375353,0.00024369747899159665,0.04207282913165265,0.4475819971988795
28,-11583.995677419356,-56.76968819354839,32.816288387096776,32.69537677419355,2.804422193548387,1.909306193548387,1.5739849032258066,3.0558469032258064,17.224633032258065,15.337165161290322,12.572792258064515,14.12026206451613,12.828125806451613,9.897263096774195,3.0151440645161296,2.101815935483871,3.353812064516129,1.531768064516129,0.001735483870967742,0.041793548387096764,0.42830152258064513
29,-11619.33900913242,-65.39053208173516,25.63614589041096,25.399492328767124,2.8043625707762563,1.9144079452054794,1.5706131598173514,3.0659362648401824,11.302266977168948,7.635791470319635,11.50379799086758,14.71939405479452,13.930983652968036,11.49987689041096,2.949258520547945,2.002546219178082,3.438899776255708,1.5242598493150685,8.858447488584475e-05,0.0012045662100456619,0.35296831050228306
30,-11585.209416961132,-66.80536291590107,33.84764929328622,34.810303003533576,2.785369187279152,1.8908767844522967,1.5670630212014134,3.0557152120141344,15.005711872791517,15.316508798586574,15.95852980565371,15.746091978798589,12.226325795053004,12.986090424028268,3.0502361130742055,2.164343816254417,3.363458038869258,1.5454004593639576,0.0002756183745583039,0.00013604240282685513,0.5019901007067138
31,-11610.413726916619,-70.78020283156127,29.905240290990484,31.4351695579183,2.7948997146054846,1.903312193620593,1.5691581645215444,3.0432965472859546,7.0099806267487415,8.30538391158366,12.508098545047565,9.432049009513149,6.732490179071069,10.989654706211528,2.9776323335198653,2.0279893676552883,3.4665749580302188,1.5376823447118075,6.603245663122551e-05,0.056264689423615004,0.33576095803021827
32,-11627.851915608662,-72.07722875429424,29.599570313666916,32.710951792382374,2.800069148618372,1.906739917849141,1.569701728902166,3.0658672964899174,5.941455070948469,9.148535429424944,10.70967783420463,5.425617744585512,5.623880339805826,8.776431769977595,2.971254596713966,2.0697878192681105,3.378572218073189,1.5341762882748318,5.115758028379388e-05,0.0005851381628080658,0.3828830384615384
33,-11622.796138790036,-58.62301532562278,29.893916903914594,29.93120266903914,2.787515177935943,1.8933643416370107,1.5665600889679716,3.038579412811388,9.391871298932383,8.53633302491103,10.499853825622775,9.20973962633452,6.551466992882562,8.237286138790036,3.2017777046263345,2.5112799822064056,3.4395197508896795,1.533145693950178,0.00037722419928825626,0.004186832740213523,0.3643182473309608
34,-11524.693148148144,-40.113001685185196,28.903244444444447,30.197111111111113,2.815535185185185,1.925899444444444,1.5810242592592592,3.017676111111111,11.98647055555555,10.544597222222224,11.421172037037037,12.769585,11.019914629629628,12.39737314814815,2.986778333333333,2.0672655555555557,3.462274629629629,1.5309351851851856,0.004148148148148147,0.03542592592592592,0.48849312962962954
35,-11610.205370611184,-42.77157311989597,36.725918075422626,36.95021872561768,2.7811868530559165,1.8900595708712613,1.5681699609882966,3.0926835760728215,13.662323693107933,15.762099479843954,15.084176202860858,11.768239180754225,10.540750299089726,11.740807269180754,3.0511419115734717,2.1712234980494145,3.3996914304291286,1.5368602860858258,0.00043693107932379715,3.901170351105332e-06,0.4661297646293889
36,-11642.371977168948,-82.79135969406394,29.213278219178083,31.116829817351608,2.8168089360730595,1.9200154292237441,1.591140529680365,3.1400905068493152,10.997058808219178,12.631065981735158,16.748228584474887,15.666520365296805,18.67593538812785,21.12350442922375,3.0081548858447484,2.0792931826484025,3.4567049954337907,1.53104598630137,7.442922374429223e-05,0.053769863013698634,0.4507760091324201
37,-11300.433125,-13.434918437499999,35.64351875,36.444756250000005,2.81898875,1.92555625,1.57770875,2.8969631249999996,15.825624999999999,16.0973125,16.3121625,15.466305625,15.823174999999999,17.81235625,2.986163125,2.07055625,3.4859537499999997,1.5512631250000002,0.008375,0.0476875,0.7609495625
38,-11616.186706989245,-51.75876637992832,37.03881514336916,32.73762880824372,2.7894762500000003,1.8901586603942657,1.5823481227598566,3.1228512141577065,16.53426453853047,17.0667711469534,13.407048790322584,13.179294623655917,16.70384171146953,18.333085707885303,2.9890895788530463,2.074839054659499,3.3810169623655915,1.5303490681003584,9.767025089605734e-05,0.026962813620071684,0.428406001344086
39,-11622.389202551833,-44.632841483253586,28.058374162679424,29.897458692185012,2.8151683253588518,1.929094513556619,1.5721717065390752,3.062385614035088,19.69195917065391,17.808877192982454,16.492958851674643,18.788987081339712,14.736027910685804,14.280300956937799,3.0306940510366824,2.106546953748006,3.4874730143540673,1.52413350877193,0.00029824561403508774,0.038724082934609244,0.45074206379585324
40,-11613.633417366946,-59.12100464985995,29.18498851540616,25.47159719887955,2.7950815126050417,1.9004363585434174,1.5802708403361345,3.070484229691877,12.823411652661063,7.883379579831932,5.520587759103642,12.100515798319329,11.20833787114846,10.665678935574231,3.5380726050420166,3.2847296078431367,3.5439056862745093,1.53027431372549,0.0007787114845938376,0.0016554621848739494,0.39943012044817927
41,-11482.162599999998,-21.6581988,33.675994,33.826684,2.809484800000001,1.9209493999999998,1.5788187999999999,3.0274746000000006,13.263590399999998,13.672932999999999,13.6833028,13.201072400000001,13.8779478,15.0560004,2.968973799999999,2.0495053999999997,3.4963211999999997,1.5310114,0.00462,0.037000000000000005,0.5951356
42,-11601.847587064676,-82.97641325572138,27.391591791044778,28.96827711442786,2.7907698507462686,1.9092535323383084,1.5645103482587066,3.0406073880597013,9.156084776119403,5.868611990049752,8.949367089552238,10.317466119402985,6.601581766169155,6.603202960199004,3.1312132587064676,2.220380199004975,3.428185970149254,1.5333592537313432,0.0009676616915422886,0.0054154228855721395,0.3382289154228855
43,-11622.48044626594,-55.44508099453552,37.39786621129326,39.37331621129326,2.813586402550091,1.9322288433515482,1.5689923679417122,2.9874248451730416,13.17936465391621,17.201797194899818,20.77020300546448,15.776919371584697,17.532229781420764,20.957836612021858,2.937590719489982,2.005292859744991,3.41965883424408,1.5341752459016393,9.107468123861566e-05,0.028135701275045538,0.44893380783242254
44,-11609.340081037277,-44.330503150729335,34.458151701782825,37.88068395461912,2.784205137763371,1.8825300972447325,1.5703822852512157,3.0614141653160454,14.039986223662886,13.246366288492707,16.471077795786062,17.443737601296597,14.719147325769855,14.740036628849271,2.9881003889789306,2.0678054619124793,3.448212512155592,1.5239776012965964,0.00036790923824959483,0.043714748784440836,0.4967995964343598
45,-11605.393686818632,-37.17663050029733,27.95079861248761,27.61133448959366,2.79167657086224,1.898192695738355,1.5775419722497521,3.1111019127849353,20.51046581764123,20.452245688800794,17.666083845391476,17.51661306243806,19.352236095143706,17.156016174430125,2.9587963330029736,2.024206124876115,3.3941848166501485,1.5260906442021804,0.00024677898909811696,0.03284043607532211,0.46583272150644195
46,-11602.757148148146,-51.693222,36.857589999999995,33.76265407407408,2.793866925925926,1.8982452592592591,1.5703648518518518,3.0476620370370373,16.155896185185185,16.21288074074074,13.413804444444443,12.870047407407407,14.15560125925926,13.011177407407407,3.0500187777777774,2.126586407407408,3.467502222222222,1.5334542962962963,0.0008407407407407409,0.03578888888888889,0.4755383444444444
47,-11460.453823529413,-32.26666294117646,32.439482352941184,31.21093529411765,2.803585882352941,1.9110117647058824,1.571685588235294,2.9828714705882353,12.541684117647058,10.994764411764706,9.833151764705882,11.754323529411765,11.05417382352941,11.555761470588235,3.0152955882352943,2.0946058823529414,3.473264117647059,1.5379520588235294,0.0030294117647058825,0.018323529411764707,0.5723610588235294
48,-11538.986235294116,-17.786474247058823,36.28307176470587,35.880995294117646,2.8073597647058826,1.9166475294117642,1.5705970588235292,3.0257949411764704,17.408230705882353,16.650638823529412,16.163678823529413,16.777697647058826,16.268617647058825,16.063487176470588,3.120662117647058,2.2043079999999997,3.5111845882352934,1.5301485882352939,0.002105882352941176,0.09114117647058823,0.6007915882352942
49,-11595.07445736434,-28.986206160206716,43.55257260981912,41.728235271317835,2.8022959819121445,1.9143904521963824,1.5657963307493539,3.037923695090439,20.73582052971576,23.56590284237726,22.90537338501292,18.874794832041342,20.670762532299744,21.224301291989672,3.010900129198966,2.091430581395349,3.5981047157622736,1.5330869767441861,0.00030878552971576225,0.04559302325581394,0.529639949612403
50,-11629.67728160608,-79.85655299457406,27.068631144872487,27.043052523060226,2.7914371459576777,1.8948255127509497,1.571231204557786,3.0809990667390124,4.176888648941942,8.492171584373304,11.552975496473143,6.197163933803581,10.399828963646229,11.448846049918613,3.1604983396635924,2.209808681497558,3.352064389582203,1.5527533098209443,4.449267498643517e-05,0.0005925122083559414,0.32015602495930545
51,-11626.691008695652,-58.78089206523478,36.53625408695652,36.36547043478261,2.7974476695652175,1.9005892,1.5802706956521742,3.0934405217391308,13.390912173913042,14.179333565217394,13.421382539130434,12.736608904347825,15.917808869565215,15.123116539130436,3.0390834608695654,2.1264178608695654,3.5395498782608694,1.5238894260869564,0.00038608695652173915,0.04329391304347825,0.4907218434782609
52,-11593.8527294686,-68.88761215966184,31.761482850241546,30.9837036231884,2.7967114975845413,1.9028541545893722,1.5720634541062801,3.0588460144927527,7.043843140096619,12.264193961352657,14.615515362318842,8.898063309178744,12.932451932367147,13.145589347826085,3.097265603864735,2.2128350724637684,3.467289806763285,1.5330570289855074,0.0005458937198067632,0.00011111111111111113,0.3743017777777778
53,-11614.934500924215,-49.00004298243993,30.566707670979667,33.20615369685767,2.8042809704251384,1.9148461367837337,1.5701650277264325,3.05758219038817,7.388222310536045,12.850118853974122,14.160981977818855,8.299733567467651,13.029802310536045,15.88260304990758,3.030209075785582,2.1057034750462105,3.4289812569316083,1.5341152310536046,0.00017744916820702404,0.03390388170055453,0.42853254066543434
54,-11609.341565656565,-51.53681241414142,30.181711111111117,29.245249494949494,2.802639444444445,1.9109906060606061,1.5714602525252526,3.040892070707071,14.534890808080807,12.313342474747476,9.87244904040404,12.588237474747475,12.210060555555552,10.155959292929293,2.880642373737374,1.9295030303030305,3.4814637373737374,1.534147272727273,0.0006212121212121212,0.010212121212121214,0.409102398989899
55,-11622.00429844098,-59.36510049443206,36.8199877505568,34.276840757238304,2.810634743875278,1.916772271714922,1.5820132293986637,3.091435456570156,12.387794877505566,14.947096013363028,13.670917594654789,9.860826391982181,13.957769420935414,15.56827416481069,3.1063429398663693,2.1886087082405346,3.4507167037861914,1.5303147661469931,0.0010178173719376394,0.051755011135857475,0.4645744677060134
56,-11624.969129032259,-58.965802096774205,36.157815806451616,33.18486,2.8114995161290324,1.9191588387096772,1.6014826774193547,3.082280709677419,16.40948164516129,15.699268774193548,12.733944967741934,13.469813451612904,13.02272293548387,13.059495483870968,3.0192322258064515,2.0857686451612905,3.4174884516129036,1.5233198709677416,0.0009903225806451614,0.03977096774193548,0.4590003193548387
57,-11673.752259814873,-62.169502137887015,26.845024002553462,26.3107672518353,2.802615330354293,1.906163731248005,1.5841141525694222,3.0877845770826684,5.029068257261411,7.634264526013406,10.38016445579317,6.971492856686882,11.93660832428982,14.269147443345036,2.9461951324609004,2.025985454835621,3.497986393233323,1.5239494510054261,0.0007133737631662944,0.00392243855729333,0.33981133769549954
58,-11565.65057522124,-24.245216610176985,37.77595309734514,38.71107300884956,2.8162021238938055,1.9269668141592922,1.5763699999999998,3.045783097345133,22.741041592920354,21.695532300884956,21.608560176991155,22.97513982300885,21.31940221238938,21.505396460176993,2.9998635398230085,2.082054734513274,3.421354469026549,1.5353553097345134,0.0014203539823008852,0.05146460176991152,0.5280396283185841
59,-11601.15828451883,-43.41862521757323,36.6154849372385,34.95164184100418,2.812956945606694,1.9182472384937237,1.5855849372384938,3.1213476569037657,14.786047991631799,14.974809623430964,14.319852217573223,14.433683430962342,10.530609037656902,11.166516276150626,3.0678485774058575,2.137651757322176,3.468656150627615,1.5317219665271966,0.0008451882845188285,0.04330543933054393,0.5010241757322176
60,-11590.466649484537,-53.46498939690722,31.748538659793816,31.673359793814434,2.809748969072165,1.9212621134020618,1.571619381443299,3.0483437113402063,19.55666288659794,17.90855819587629,15.236973195876288,17.85257474226804,13.327453608247422,11.377442680412372,2.929696752577319,1.9958588144329894,3.477371443298969,1.532695051546392,0.0007835051546391753,0.03991237113402061,0.503092525773196
61,-11614.239521044992,-62.63800730769231,39.052955297532655,38.31266531204644,2.8096719738751816,1.9198012626995646,1.571859303338171,3.0745749346879534,13.870835631349783,19.14835718432511,20.71986095791001,13.893471843251088,17.531389840348332,20.10567010159652,2.99412236574746,2.062084412191582,2.6463178229317856,1.6218833236574746,0.00023367198838896954,0.05446589259796807,0.46947706095791003
62,-11634.103541666665,-80.0078429597701,28.139629597701152,29.74674446839081,2.8132117385057476,1.9218961422413796,1.5784282040229884,3.0864514080459773,15.241706745689655,14.1911576795977,11.727401264367817,12.419131221264367,10.262563462643676,7.67591985632184,2.9333747772988503,2.002025158045977,3.388156709770115,1.519760028735632,0.00011853448275862072,0.01048060344827586,0.3375229992816092
63,-11641.107999286733,-77.7290650438659,28.366348823109846,30.062393188302426,2.786394868045649,1.8900044793152642,1.5679610663338088,3.048947689015692,14.783483780313837,11.385310681169758,11.104794151212554,13.394175217546366,8.141287414407989,6.962154404422254,2.9000658309557776,1.9747108559201143,3.4566988623395147,1.521580802425107,4.6362339514978605e-05,0.04178245363766048,0.37220162731811696
64,-11634.011564653425,-69.95374595052695,26.001619213619783,27.915349250101336,2.8016810863396837,1.8999684069720308,1.5866623753546818,3.1377184312930684,19.557666643696795,15.581482217267936,12.92848134171058,19.0213602594244,13.277845642480745,8.645565938386707,3.4816351438994726,3.152796424807459,3.4578574057559797,1.523324312930685,0.00014835832995541145,0.0005605999189298743,0.40028597770571545
65,-11641.530463671128,-78.9033625708413,29.207591921606117,29.557528824091776,2.814715956022945,1.9195975669216059,1.5891566300191207,3.146968919694072,15.02079534416826,11.686899426386233,10.338649913957935,13.24356945506692,9.630028140535373,6.714997380497132,2.945875119502868,2.0136950956022943,3.449902997131931,1.53450646749522,0.00017304015296367115,0.04388240917782028,0.3351487270554493
66,-11598.952781350483,-37.6792661914791,35.78789887459807,35.44587749196141,2.7841987781350483,1.8854860610932473,1.5774541800643087,3.110041977491961,15.33391993569132,16.191285530546626,16.19146993569132,15.090726045016076,19.265857395498394,20.24698344051447,3.0291838424437305,2.10250077170418,3.471941704180064,1.53615884244373,0.00022990353697749198,0.05526205787781351,0.5024257395498392
67,-11562.315612244898,-42.59522021428572,30.637766326530617,30.98747244897959,2.7998329591836733,1.9071103061224493,1.574828367346939,3.0462088775510208,12.473616836734696,13.720370306122446,13.757474285714284,12.328419897959181,14.154947142857145,14.521696632653063,3.0089599999999996,2.1054029591836736,3.488156326530613,1.5354588775510203,0.0011224489795918367,0.00016326530612244898,0.47461059183673465
68,-11598.361689552237,-46.82477882208955,37.03995008955224,38.211914388059704,2.808320692537313,1.9198220835820896,1.5723405552238807,3.0727955820895523,9.826673677611941,13.766881188059703,15.426930686567164,9.550321092537313,14.925059940298508,17.297016955223878,3.0353797970149254,2.1180863641791046,3.446079910447761,1.5389867402985076,8.776119402985076e-05,0.04781552238805971,0.4405456035820895
69,-11622.929802737519,-72.60442512607891,28.556937962962966,26.638808655394527,2.798900483091787,1.9034148752012883,1.5741611755233496,3.071442966988728,13.163144029790661,16.33093429951691,14.158639122383253,11.870534702093398,17.33279070048309,18.730241630434783,3.0676064774557164,2.1442013929146535,3.4476378180354263,1.5358518599033817,8.21256038647343e-05,0.045916666666666654,0.3927162624798712
70,-11647.30878076923,-77.74045880807692,31.257795076923077,29.96626646153846,2.8175973653846156,1.9250233576923081,1.607551453846154,3.141823053846154,6.4279000153846155,9.822905211538462,10.94433953846154,3.4130574692307696,6.6238417576923085,11.351144430769232,3.0201024884615384,2.0849324846153845,3.4020513115384614,1.5141790038461538,0.001105,0.00029499999999999996,0.3390590857692308
71,-11648.04018783542,-69.63860248658318,31.203559391771023,30.70449123434705,2.8085981216457965,1.9132568694096599,1.5927837209302325,3.130443416815742,18.02336322003578,18.51929190518784,15.6756542039356,15.5438572450805,12.048294364937387,9.871220742397137,3.0252411806797856,2.118011663685152,3.36205011627907,1.546227611806798,0.0001601073345259392,0.04152236135957065,0.406596446332737
72,-11609.294779735683,-41.090208311013214,37.831364096916296,36.756742290748896,2.813481762114537,1.921289603524229,1.5805062775330394,3.10047063876652,21.52843832599119,19.422119162995592,18.41459515418502,20.35537114537445,16.642586343612333,13.984451762114537,2.985796960352423,2.065890022026432,3.4432014757709246,1.5334372026431717,0.0007202643171806168,0.052090308370044074,0.5077612180616741
73,-11617.417595177667,-52.08978929568527,41.07187760152284,39.405607804568525,2.8047213769035535,1.9097631725888324,1.573921478426396,3.071451211928934,15.258663496192893,20.1237720177665,20.16188331218274,14.425094225888325,20.04174961928934,22.350092258883247,3.0066317956852786,2.080241763959391,3.4085378616751267,1.5363094733502536,0.0001319796954314721,0.037799492385786795,0.5029710107868021
74,-11625.580010427528,-42.21439544942649,38.00147987486966,36.50675776850886,2.785613670490094,1.8920059958289892,1.56595929092805,3.053753587069864,23.14416392075078,20.90245359749739,19.090098227320127,20.747091970802916,17.926136600625654,15.832863607924919,3.006716496350365,2.085007049009385,3.5054992700729937,1.5207750260688215,0.00015224191866527632,0.04962669447340981,0.5080229332638165
75,-11622.915928393008,-65.01251674188177,28.510837218984182,29.579024229808493,2.7887543630308076,1.8978387427144046,1.5658979600333056,3.0504889175686927,14.641113880099915,12.00067367194005,10.411471065778517,13.280651440466277,9.231639716902581,6.5963712489592,2.905592506244796,1.9559590591174019,3.500528784346378,1.5392058534554538,0.00012905911740216487,0.06401165695253955,0.3687913963363863
76,-11632.647586512867,-61.5184542173913,29.966997870452527,28.77396060337178,2.7997336912156165,1.9023657586512865,1.5794426353149957,3.1126372848269743,13.862697746228926,10.265147400177463,8.486961792369122,13.324076743566993,8.151511721384207,3.97542395740905,2.9908105678793255,2.077304427684117,3.460192617568767,1.5286887843833186,0.00019609582963620232,0.0011668145519077196,0.43613943566992014
77,-11613.855642250532,-82.46440915286625,32.738419957537154,31.41540992569002,2.81078122611465,1.9192858970276008,1.5777482059447983,3.088846066878981,7.931672744161359,13.232982579617834,15.055459288747347,7.451242006369427,12.462870647558386,15.799257749469215,2.8783157696390655,1.9332415552016986,3.314212563694267,1.5308269214437369,0.0002749469214437367,0.028859341825902347,0.39069003025477705
78,-11620.615143540672,-59.98466326076556,34.43873062200957,32.27175765550239,2.8053477511961717,1.9121606220095695,1.5782433253588515,3.0685575837320576,12.403597559808611,13.706018181818182,12.464531196172251,11.0850754784689,11.731657966507179,13.109722248803829,2.980173086124402,2.0469709808612437,3.4321529665071773,1.529788708133971,0.00038038277511961727,0.034330143540669864,0.459996985645933
79,-11639.027663817662,-55.03274905887939,39.832286324786324,39.92788575498575,2.8122265147198484,1.9225283095916432,1.5738210826210826,3.06501175688509,14.709770560303895,20.126422412155744,22.26562013295347,15.820988414055082,19.153778062678064,22.642905603038937,3.0117384425451093,2.081632174738841,3.507571291547958,1.5395099715099718,0.00037321937321937326,0.03864102564102564,0.44385386324786336
80,-11589.882675324676,-41.435332511688316,32.88284883116883,32.657855584415586,2.8051159999999995,1.9110921038961037,1.5729965454545454,3.0562632727272727,15.08892233766234,11.071184025974027,12.609470649350648,17.032714285714288,15.859584935064936,17.7025172987013,3.010120155844156,2.103312987012987,3.4166442597402598,1.5345767532467534,0.0006181818181818182,0.00011688311688311687,0.5434980649350649
81,-11615.19648135819,-55.735676190412775,28.66538561917443,29.741573468708385,2.8072444740346207,1.914548521970706,1.5731871338215713,3.057170276298269,4.541371940745672,9.501871268308921,11.611499484021303,5.0871829593874835,6.9237940412782955,11.821764910119839,3.2570912416777635,2.397673545272969,3.475859670439414,1.5337698102529962,0.00013215712383488683,0.000262982689747004,0.3939867636484687
82,-11653.919243697479,-48.673291741896755,37.33686194477791,39.012092797118854,2.8061502761104444,1.9110652821128449,1.580314369747899,3.1058363145258103,12.214204801920769,17.231543937575033,20.096420888355343,14.677765066026412,18.65628475390156,21.629515966386556,3.0396254621848744,2.1154109603841533,3.4044217406962782,1.5233276950780312,0.0005222088835534214,0.03837575030012004,0.4380705210084034
83,-11637.257279792746,-75.32925839119171,26.6005774611399,27.733207599309154,2.8062271848013816,1.9183173661485318,1.5688613644214162,3.066864283246978,12.453267910189984,8.021328782383419,10.029807322970639,14.719844404145077,13.21462531088083,11.403805328151986,2.94858810880829,2.022024050086356,3.456244067357513,1.5290452849740932,0.00013644214162348878,0.039081174438687395,0.36098883937823834
84,-11482.502765957446,-19.92936644680851,36.48903191489362,36.04455957446809,2.812803404255319,1.9256253191489365,1.5779574468085107,3.009580212765958,19.899189361702128,19.57208936170213,19.2301914893617,19.49504255319149,19.37864255319149,19.36291489361702,3.016969574468085,2.1007546808510638,3.4911676595744674,1.5301755319148933,0.0040425531914893625,0.049468085106382995,0.5738688297872341
85,-11640.279128078817,-55.752965270443354,39.861602561576355,37.72438261083743,2.8219204137931033,1.9298579014778325,1.5932729310344826,3.131803374384236,14.668153507389166,19.163766748768477,19.08364339901478,14.173633448275863,19.674969408866996,21.550377586206896,2.9737472118226607,2.053992221674877,3.432339960591133,1.5349671330049264,0.0007852216748768474,0.05030591133004927,0.4751816128078817
86,-11651.899922727272,-60.54459551818182,26.815844818181823,27.378328681818182,2.817237104545454,1.9221452363636367,1.586848068181818,3.1271391181818182,17.025185809090907,15.688132386363637,12.45933299090909,13.529955668181818,11.546285,7.94146195,2.9708409227272727,2.0340047045454543,3.5267815000000002,1.5259400636363638,0.00021545454545454553,0.05227272727272727,0.36915243999999997
87,-11553.21597402598,-33.42875416883117,35.935620779220784,34.59775064935065,2.8102762337662344,1.9211454545454543,1.5741319480519478,3.009998961038962,16.429689610389612,16.85362597402597,16.03985454545454,15.139124675324679,15.599098701298706,15.674997402597405,3.0316393506493515,2.109456753246753,3.4197289610389614,1.5381140259740262,0.0024675324675324677,0.039480519480519484,0.555787181818182
88,-11616.576324549238,-68.22273662135922,32.82577947295423,35.08026199722607,2.7789646601941747,1.8830235090152563,1.5648549653259365,3.049936782246879,13.425582662968099,17.01942094313453,18.200729958391122,14.207881553398057,18.109557004160887,20.5303306518724,3.0124108737864086,2.0982611234396673,3.4812043828016637,1.5251039944521498,0.0002233009708737864,0.04499029126213592,0.43885201803051327
89,-11624.27743867244,-60.93324941630592,38.03912698412698,36.32431176046176,2.818661017316017,1.9267343290043288,1.587874134199134,3.1354337085137085,16.60535202020202,17.805912698412698,15.037435064935064,13.98386919191919,17.242586652236653,14.385531962481961,3.016135476190476,2.09101170995671,3.4411448845598844,1.5243222077922078,0.0003297258297258297,0.048249639249639244,0.4007520562770563
90,-11565.831714285712,-34.5089785,34.577479999999994,35.96214761904761,2.7927560000000002,1.896409142857143,1.5683605714285713,3.0208611428571426,13.96728542857143,14.333778095238095,16.381822857142854,15.960090476190476,14.79431047619048,15.853849523809524,3.036801619047619,2.113168571428571,3.422767047619048,1.5354361904761904,0.0016285714285714287,0.04021904761904762,0.5754939619047619
91,-11485.568723404254,-18.81990465957447,33.228872340425525,33.59648723404255,2.8196555319148944,1.931238723404255,1.5830772340425534,3.008658297872341,14.708071489361702,13.969465531914896,13.574542127659571,14.250987872340428,13.458274042553189,13.775372765957451,3.0257391489361702,2.118342127659574,3.4228310638297867,1.5375187234042553,0.004829787234042553,0.04093617021276595,0.6363002340425532
92,-11538.074347826085,-42.34490753623189,29.938015942028986,30.005434782608695,2.8003213043478263,1.9022537681159422,1.5753504347826086,3.039550579710144,9.934602028985507,8.161138840579712,8.86593043478261,10.22198768115942,7.419064782608695,8.439061739130434,2.9735979710144926,2.0540097101449275,3.437231449275362,1.5418855072463766,0.004333333333333334,0.018130434782608694,0.4170639855072463
93,-11623.737466666666,-71.91084051111112,28.951017777777782,27.419725777777778,2.7815501333333335,1.8821989333333333,1.5665620888888887,3.0418424,14.568268133333332,14.82917088888889,12.366678222222223,11.678003155555558,13.340857333333334,14.180475555555555,2.920330044444445,2.000231377777778,3.4855611555555557,1.524650711111111,0.0013600000000000003,0.00017333333333333336,0.4415886044444445
94,-11643.113729547642,-66.14563393407121,31.080108662175167,31.955270644850817,2.8026652791145334,1.9054537343599616,1.5814366313763233,3.1113155774783445,10.204452839268527,13.719584167468721,17.24757800769971,13.308880076997113,15.396854956689124,19.70643676612127,2.870590024061598,1.9214577093359,3.339434975938402,1.5436469441770935,0.0002102983638113571,0.035820500481231955,0.4176306140519731
95,-11587.83940045249,-54.92708069230769,42.035564479638005,39.47031210407239,2.814703778280543,1.9236296266968325,1.576832613122172,3.0700203619909505,25.34041029411765,26.45143778280543,23.242419343891402,22.02060463800905,24.480982579185522,21.71509015837104,2.872111742081448,1.9248344796380088,3.2909181447963802,1.55107064479638,0.0005644796380090499,0.025375565610859734,0.4729312771493212
96,-11610.861761442442,-40.094757074341196,36.790707905686546,37.23424147018031,2.8011343134535367,1.9048107212205267,1.5742414147018031,3.0719288904299584,24.394278834951457,22.61312049930652,20.823870873786408,22.298947850208044,19.23717725381415,17.470133148404994,3.019782399445215,2.0976069209431345,3.396642579750347,1.539301095700416,0.00021081830790568653,0.04627739251040222,0.44180715672676835
97,-11613.290773121387,-55.18343548121388,33.91259176300578,36.75471842485549,2.8105877962427748,1.9182072832369945,1.576213670520231,3.0713620809248554,21.654794291907514,19.269986271676302,19.932720664739882,22.973305274566474,17.76891575144509,17.90415852601156,2.9917430780346823,2.080807593930636,3.347231553468208,1.5384667630057802,0.0002463872832369942,0.009723988439306358,0.3937720563583815
98,-11642.005432443206,-72.23181033439619,31.445774451972902,32.39571777600638,2.799676946990833,1.9050333080908726,1.5799781187724193,3.102072455161419,7.930279103228377,12.30242801913113,16.02259964129135,11.255483897967316,15.749992921482662,17.120297768035073,2.9626966281387004,2.0436780390593863,3.453929194898366,1.5357615464328418,0.00018812275807094463,0.05292227979274612,0.3612245575926664
99,-11595.701789038261,-36.0041240475698,35.51431240951396,35.353860186142704,2.7815055222337124,1.8876999689762148,1.5668302585315408,3.0544961737331953,18.832709720785935,18.24731334022751,18.933646225439503,19.361770217166494,20.96618779731127,20.248527507755945,3.0276013029989657,2.108233485005171,3.4553282419855225,1.5374725129265772,0.0001375387797311272,0.04719234746639091,0.46755017269906934
100,-11627.708122406639,-55.0074606906639,36.63280373443983,35.029118360995845,2.79883244813278,1.9091358402489627,1.5803192531120331,3.1037510062240665,20.207099688796685,21.89656058091286,19.733066597510376,17.154148340248963,19.162073340248963,19.06112385892116,3.0210576763485477,2.111035446058091,3.471925093360996,1.5315961410788383,0.00014626556016597513,0.047705394190871366,0.42476031950207466
101,-11582.557428571432,-49.78185941904761,33.06046476190476,31.981222857142857,2.799546857142858,1.9029552380952377,1.577276857142857,3.0473869523809527,11.433220190476188,13.382254190476187,12.83844,10.812260285714283,9.659799047619048,9.559225809523811,2.915449619047619,1.9678527619047619,3.459409619047619,1.5475891428571429,0.000980952380952381,0.008076190476190476,0.4763741047619049
102,-11648.582479591838,-66.93504555102041,33.45431887755102,34.371030000000005,2.7966759999999997,1.8990028877551022,1.5723771836734692,3.074886132653061,21.58348156122449,19.02431724489796,16.42526653061224,20.552862959183674,14.844631020408166,13.132009285714284,3.021964397959183,2.118162091836735,3.390224724489796,1.5331095714285714,0.00011530612244897961,0.042371428571428574,0.46619963367346934
103,-11647.223663613657,-69.15062518734389,28.42454746044962,31.009768193172356,2.808363463780183,1.9143978101582013,1.584927235636969,3.102238492922565,17.615042930890926,16.164418900915905,15.303694671107412,15.040284346378021,10.546444379683598,11.11899675270608,2.9312955370524563,1.9909226727726892,3.4497254870940885,1.5306424562864276,0.00024479600333055787,4.9958368026644465e-06,0.39557811906744383
104,-11548.39176923077,-19.360908215384615,40.05829615384615,38.64442692307692,2.811570538461538,1.9208498461538461,1.574612307692308,3.0486553846153845,21.08783492307692,19.742481615384616,17.956664615384614,20.020843230769227,18.61609615384615,17.49758,2.985460076923077,2.0698931538461536,3.408194615384615,1.5359933076923078,0.002207692307692308,0.04649999999999999,0.6262002153846155
105,-11516.013387096773,-38.3153293548387,33.1719693548387,35.52086451612904,2.803986451612904,1.909646451612903,1.5769977419354841,3.0163519354838706,18.0676964516129,18.516504838709675,19.389924193548385,17.567325806451613,16.706483870967745,15.071896774193547,2.971165967741935,2.0541770967741937,3.4830637096774195,1.5450264516129033,0.00285483870967742,0.047999999999999994,0.5450451612903227
106,-11633.143611825193,-45.32231128534704,32.515345758354755,34.34253637532134,2.813089293059126,1.9202533547557845,1.584140205655527,3.125291902313625,12.647028714652956,16.598636503856042,17.41756028277635,13.068471388174807,18.422748971722367,19.79661677377892,3.018336105398457,2.0911693187660667,3.4827740745501288,1.5399278920308486,0.00042930591259640106,0.05513624678663241,0.4742181413881747
107,-11598.13813253012,-40.17581138554217,35.48048072289156,34.09297409638554,2.8146666265060243,1.9246047590361446,1.5897418072289156,3.075812409638554,18.135564036144576,17.410780722891566,15.840759638554218,16.924707831325296,17.75257469879518,16.615577710843375,2.893610421686747,1.9606586144578315,3.373544879518072,1.550698253012048,0.00246987951807229,0.016012048192771088,0.4903509819277108
108,-11608.821857142857,-74.34536796103896,35.27634324675324,30.926262077922082,2.7955533246753252,1.9009580519480522,1.5705362597402595,3.0540610389610396,14.832750779220781,14.144218961038964,10.337527571428572,11.773817389610391,14.305558922077923,13.05702972727273,3.0505455454545456,2.1305813506493507,3.5535172207792205,1.5442752207792205,0.00015844155844155843,0.0435064935064935,0.3787782194805195
109,-11649.189170984455,-92.87134625189317,29.30658373854125,26.289006257473098,2.8072134954165007,1.9153680908728579,1.5739594778796333,3.0478011398963734,11.430845185332803,7.516943475488241,3.4070102630530097,10.49230057393384,7.797770916699881,7.775443814268633,2.9027114228776405,1.9503209366281384,3.5360530171383022,1.53019474691112,0.00019768832204065367,0.0001761658031088083,0.29292083379832606
110,-11654.306074307746,-86.61759466526465,31.068371678934454,30.12905920084122,2.8078836943568173,1.9182048755695762,1.5885595373291272,3.0989365930599373,10.692584780932352,11.98947655099895,13.136612295828952,9.991280021030494,9.023430077111811,6.555173203645285,2.9890637714686297,2.032012684893095,3.335430354013319,1.5335118051174201,0.0004525061338941465,0.00012513144058885384,0.3238513596214511
111,-11606.666794972505,-53.034794117046346,30.268818538884528,33.04080314218382,2.794277824037706,1.8953233621366852,1.5812848389630791,3.102969245875884,13.135294854674,12.625499921445405,14.140009583660643,12.832758366064416,15.978690809112333,19.506400785545953,3.004168586017282,2.0904057816182244,3.452266535742341,1.5301214925373134,0.0002081696779261587,0.049030636292223095,0.5430738483896308
112,-11609.609999999999,-65.90799589300414,32.811222222222234,33.84791563786008,2.808055267489713,1.9143341563786007,1.5796403703703705,3.066337119341564,11.350120576131685,13.102195884773659,15.631750617283945,12.189603662551438,11.386583209876544,14.503419753086423,2.9729565843621404,2.0527868312757196,3.4784201234567904,1.5324831275720165,0.0006213991769547325,0.047176954732510296,0.4564592510288067
113,-11583.594548104955,-48.825675953352764,35.239391253644314,33.425155976676386,2.8036948104956267,1.9093292419825074,1.5743611661807582,3.054547988338193,14.758734489795918,13.866132390670552,11.14321498542274,12.452776034985424,12.63300524781341,15.377117463556853,3.0171960349854228,2.113164052478134,3.4146028862973763,1.5557038192419828,0.0007696793002915452,0.0003294460641399417,0.44657769096209915
114,-11629.522859259258,-60.50003289037037,36.091161925925924,35.799561185185176,2.7884361629629635,1.890806148148148,1.5681619703703702,3.0587823851851854,15.176600103703706,16.889551259259257,16.417549037037038,13.937319762962963,15.399383703703702,14.473890222222224,3.0628996,2.137096874074074,3.424565377777778,1.5301691703703701,0.00025333333333333333,0.03933185185185185,0.463570837037037
115,-11608.283604294478,-67.66887717280163,36.916201789366056,36.48751697341513,2.807003282208589,1.9144403425357874,1.5736649386503065,3.0581992024539875,21.826960005112472,20.671344529652355,19.006954396728016,19.42626671779141,16.976539314928424,13.505487423312884,2.999162597137014,2.0994063036809814,3.3148408946830266,1.546349601226994,0.00010940695296523518,0.001873210633946831,0.4466890040899795
116,-11634.966631526106,-54.93209355421687,25.816425753012048,25.31668985943775,2.807078795180723,1.9122223845381527,1.5851796787148595,3.125448197791165,12.369195130522087,8.228559513052208,11.484857279116465,14.616067831325301,10.458682535140564,12.036796546184739,2.9690034638554215,2.0480520682730923,3.4485996335341365,1.5301979618473895,0.00014809236947791168,0.03789006024096385,0.38672832831325304
117,-11598.768693877551,-48.09567318367346,36.35642408163267,35.50494367346939,2.8049692244897964,1.9164927755102048,1.57095681632653,3.051093918367346,13.196224489795918,17.61382163265306,17.48986979591836,11.042811061224489,14.202856734693874,17.467488081632656,3.0012328163265307,2.0776442040816323,3.478780734693878,1.5267500816326531,0.0007265306122448979,0.05503673469387756,0.5209011469387756
118,-11621.074218077476,-66.48974173457675,26.731783500717363,27.547660832137733,2.8052878335724536,1.9163332137733142,1.5703809038737446,3.0583852797704445,9.298260846484936,5.594640932568149,6.674462453371593,10.365627948350072,5.281335494978479,5.9427912482066,3.090022826398852,2.1787723672883788,3.360658680057389,1.5329230416068869,0.00044763271162123384,0.001836441893830703,0.33754082496413196
119,-11528.025394736844,-20.542631078947366,36.13527368421052,35.710759210526305,2.8060680263157893,1.9141602631578947,1.5754151315789475,3.029821447368421,17.557422236842104,17.170056842105257,16.664570789473682,17.122011052631578,16.804126973684212,16.903010657894736,3.015493289473685,2.097309342105263,3.4873840789473687,1.5304786842105265,0.003144736842105263,0.048881578947368415,0.6463234999999998
120,-11599.668831521738,-37.04764894836956,35.52026358695652,35.54131059782609,2.7882808695652175,1.8921747010869565,1.5707414673913045,3.050965135869565,19.233296195652176,19.207810054347824,18.873092391304347,19.672541032608695,21.653476630434785,21.14871222826087,2.991349266304348,2.0717201358695654,3.420349347826087,1.5383846195652173,0.000972826086956522,0.05472826086956522,0.5064168260869565
121,-11634.722918481642,-74.84599971810829,24.90220099564406,27.343047728686994,2.8004799377722462,1.9087903733665215,1.5694662601120102,3.0519035594275046,5.43343580584941,8.619191064094586,11.265535762289982,8.63467427504667,13.331032663347854,15.243779645301805,3.0837228002489114,2.1546888799004353,3.4364476353453637,1.5301272059738644,9.645301804604854e-05,0.008256378344741756,0.3600444660858743
122,-11572.973750000001,-33.48999083333334,34.258260185185186,34.32917824074074,2.797712453703704,1.9027137962962963,1.5751614351851853,3.0608222685185185,17.450938425925923,17.94036435185185,16.598832870370373,16.55912175925926,18.56601125,18.06897361111111,2.986997037037037,2.070818981481481,3.475223888888889,1.5344223148148148,0.000712962962962963,0.04989814814814816,0.4915518935185185
123,-11413.77625,-22.04791208333333,35.6769625,33.13927916666667,2.824274583333333,1.9386720833333333,1.5824979166666668,2.976654166666666,17.023364583333333,15.751564583333334,13.6258875,15.460695833333332,14.399633333333334,13.9994775,2.9818008333333332,2.0635475,3.472644166666667,1.5452937500000001,0.008125,0.041375,0.6656829583333334
124,-11611.350756164386,-44.48684114356165,34.30258032876712,36.86502690410959,2.8115329698630136,1.9238541315068494,1.5717351616438353,3.051069342465753,8.616049698630137,13.712464767123286,17.237078904109588,11.484604712328766,14.809257863013698,15.565885161643836,3.0403725753424657,2.110470794520548,3.528895408219179,1.5213215616438356,0.0002745205479452055,0.042040547945205474,0.48079702301369864
125,-11617.111949404763,-68.96422088095238,31.23779880952381,33.361983928571426,2.8093287053571423,1.916660193452381,1.5763846279761904,3.061845639880952,15.380826830357146,14.739167738095237,15.503411011904761,16.285041964285718,12.097474404761906,11.449921726190476,3.0547997172619055,2.1763661011904762,3.335382113095238,1.5481433779761904,0.0005758928571428572,0.0008273809523809525,0.4506015922619047
126,-11625.134001751314,-67.42692049737302,27.667532136602453,25.31084632224168,2.8072462521891417,1.91767438704028,1.5706595534150614,3.0639843082311735,10.39910918563923,5.893908511383538,8.113710840630473,10.845511217162873,11.565910945709282,13.123240227670752,2.9281271891418568,1.9874740630472856,3.471932626970228,1.5417718213660245,0.00027845884413309983,0.03756567425569177,0.37061998511383537
127,-11472.670277777775,-36.52383858333333,30.646605555555546,30.88745,2.8102672222222216,1.9175805555555558,1.5801516666666666,3.0060547222222223,14.454690833333334,12.967680833333334,12.797909444444443,14.46903,15.19097222222222,15.701147222222223,3.000421944444444,2.0971772222222227,3.419458333333333,1.5542449999999997,0.0033611111111111116,0.005777777777777778,0.6252296666666666
