0,currentEnergy,Binding Energy,dist_activesite,dist_activesite2,dist_Ser238,dist_Ser238_2,dist_Ser_to_His,dist_Ser238_to_His,dist_Ser238H_to_His,dist_His_Asp,dist_His_Asp2,dist_His273_Asp,dist_His273_Asp2,sasaSer,sasaSer238,sasaLig
1,-11609.0450719,-42.6526311168,32.2206752567,35.3653455852,14.8322598563,18.5781469199,2.81822164271,3.01188104723,2.09876930185,1.59649406571,3.10206182752,3.44368652977,1.53287310062,0.00189835728953,0.0487710472279,0.507592616016
2,-11545.7707071,-25.2461772465,31.7384434343,31.5489080808,12.9514440404,12.620160404,2.81328787879,2.97558979798,2.04136757576,1.59103575758,3.06453575758,3.39989555556,1.53649727273,0.00261616161616,0.035404040404,0.638252616162
3,-11521.0173913,-25.162282713,32.0752808696,31.8296095652,11.6555994783,11.485136087,2.80421678261,3.01871591304,2.12183104348,1.57614634783,3.05251434783,3.47976078261,1.52356643478,0.00218260869565,0.0435913043478,0.672745765217
4,-11610.0019293,-50.4145908039,26.6509980707,28.2859987138,8.84978717042,9.79966861736,2.78144710611,2.92933935691,1.98637054662,1.59361536977,3.08683257235,3.37732726688,1.53052122186,0.000453376205788,0.0193890675241,0.398683954984
5,-11580.7914583,-47.1866739819,28.9548220833,28.8869966667,11.2456405833,13.4331503056,2.81214611111,3.03025231944,2.12042983333,1.604687,3.11278141667,3.46723359722,1.53034569444,0.00146666666667,0.0368902777778,0.454689277778
6,-11594.6482391,-43.0010656087,29.1617771739,29.2430528261,12.9972946957,12.7343207609,2.80711297826,2.92959295652,2.00644991304,1.60038165217,3.15565391304,3.32129091304,1.55268202174,0.00110434782609,0.00670434782609,0.462914919565
7,-11621.8937126,-46.3631594501,26.4758022455,28.1400443114,8.4843695509,11.2687588922,2.8161779491,2.8782832485,1.92456618263,1.60790528443,3.11919185629,3.46249579341,1.53366443114,0.00169910179641,0.0657694610778,0.388535959581
8,-11618.7049505,-62.206212942,33.3255810467,34.1768403112,19.4503983027,20.6420503536,2.81567626591,2.99861520509,2.08025594059,1.59736154173,3.10574165488,3.45042130127,1.52965868458,0.00134370579915,0.0380070721358,0.437706355021
9,-11552.8463874,-30.6121998885,28.7577937173,28.8829591623,9.2110482199,9.35231298429,2.79914518325,3.21823570681,2.59687371728,1.60063575916,3.10008575916,3.44615282723,1.53805136126,0.00101047120419,0.0121884816754,0.49118139267
10,-11593.2038576,-43.6526001128,34.1268234421,33.7233801187,14.3467097923,15.0535890208,2.7910104451,3.05179768546,2.14388186944,1.58493655786,3.08286982196,3.49003183976,1.52774762611,0.000412462908012,0.0332403560831,0.526126854599
11,-11585.7431452,-42.0271301532,34.3609629032,34.624153629,19.7402205645,19.4168745968,2.81530947581,3.01582495968,2.09483290323,1.60499568548,3.10693572581,3.37517399194,1.53056072581,0.00170967741935,0.0346975806452,0.531406177419
12,-11601.4775,-54.83040223,31.4560695,31.016746,13.7403955,13.6485815,2.81620335,2.97741965,2.0546045,1.6028774,3.09453395,3.3913235,1.53436285,0.003265,0.033675,0.47809141
13,-11612.6719298,-60.3633772807,30.7492464912,30.5033574561,13.9751122807,13.6420078947,2.79928921053,2.95772684211,2.02609517544,1.60412837719,3.10433789474,3.29365565789,1.52993320175,0.00102631578947,0.0271184210526,0.404457828947
14,-11611.7619048,-46.258721022,28.6039714286,28.5238637363,9.47096318681,9.36915761905,2.80293212454,2.97329824176,2.03605446886,1.59692263736,3.11781849817,3.29494750916,1.55041300366,0.00108058608059,0.00279487179487,0.407439102564
15,-11623.9865279,-43.2298371522,26.8068920044,27.3742961665,12.5853518072,14.2787845564,2.80894335159,2.93937524644,2.00547520263,1.60645399781,3.11159121577,3.34875297919,1.54149967141,0.00192552026287,0.0258159912377,0.544687020811
16,-11600.3620491,-33.3201507128,32.6530708514,35.0063901876,21.7435037518,23.1614520924,2.80912741703,3.03417126984,2.12887588745,1.59170108225,3.10703510823,3.44987189033,1.53072935065,0.000379509379509,0.0469422799423,0.575141845599
17,-11515.1206349,-31.4577361905,33.6822047619,33.2552793651,15.9181253968,15.3658825397,2.80751507937,3.04141047619,2.12827746032,1.58218809524,3.03185222222,3.49258587302,1.52908111111,0.0028253968254,0.0456031746032,0.644397920635
18,-11527.9279412,-29.2875223235,33.2586926471,33.4107955882,15.3252235294,15.3040970588,2.81424161765,3.00790029412,2.08516617647,1.59196544118,3.06303338235,3.39666720588,1.52779691176,0.00348529411765,0.0335294117647,0.652444720588
19,-11572.5254545,-45.5990113909,31.6436427273,31.5708845455,14.1928518182,14.2433027273,2.81152881818,3.00997054545,2.08882554545,1.59721990909,3.08086545455,3.42579209091,1.53311490909,0.00261818181818,0.0393,0.515156372727
20,-11593.3403553,-30.7222824289,34.2910560914,33.4731337563,14.2553213198,14.1817045685,2.79540951777,3.03779390863,2.12192431472,1.59142662437,3.09062667513,3.50375291878,1.5279385533,0.000573604060914,0.046614213198,0.57696984264
21,-11624.5610253,-53.4438063098,27.3117592914,25.2186218243,9.90645651715,6.72270614776,2.81666569167,2.97791105918,2.03942597437,1.60830221636,3.12005330569,3.41613148511,1.52621254052,0.00108443271768,0.017590652092,0.336427548813
22,-11610.3997778,-64.079508485,30.7354416111,32.2669647778,14.1478714444,13.3067184444,2.81336188333,2.97893532778,2.04900596667,1.60068408333,3.12338687222,3.42830981111,1.53430532222,0.00204944444444,0.00329555555556,0.412039262222
23,-11605.2865416,-48.8813017822,26.1939862153,29.1405747961,4.82029843393,6.13985807504,2.78971439641,3.06368314845,2.19381272431,1.60163369494,3.11719250408,3.38367609299,1.53797193312,0.00034176182708,0.00116965742251,0.363371343393
24,-11608.1167963,-54.6923966444,26.7495137037,27.2265794444,12.0561659259,13.4516022222,2.80525274074,2.96048622222,2.02060977778,1.60019309259,3.1484067963,3.4114607963,1.54320875926,0.000668518518519,0.0210037037037,0.466760468519
25,-11468.1132143,-11.9767975119,35.5498285714,35.7489261905,17.0285988095,17.1716011905,2.8173972619,3.02990154762,2.11397642857,1.59579309524,3.09065702381,3.44909357143,1.5344302381,0.00384523809524,0.0401071428571,0.712258690476
26,-11476.7275714,-37.9899485286,30.2780714286,30.1675314286,11.5207667143,11.4825578571,2.81543871429,2.97827171429,2.04869657143,1.59214128571,3.08175542857,3.43565771429,1.54172971429,0.00278571428571,0.0381285714286,0.537109328571
27,-11610.1017931,-46.6845387448,32.8814615862,32.6322484138,17.744381931,19.8006712414,2.81918991034,3.05670743448,2.15191845517,1.60840327586,3.12206408966,3.45543008966,1.52430128966,0.00191103448276,0.0479275862069,0.518768315172
28,-11604.9978172,-46.7774993997,28.1228909959,29.1401542974,12.6375598226,11.8236254297,2.80919763984,2.92777335607,1.98693242838,1.60716229195,3.10701929059,3.30532768076,1.54732414734,0.000907230559345,0.0140600272851,0.450699757162
29,-11595.0798601,-42.8739521441,33.1034208392,34.1889637762,19.6934588811,20.4075855944,2.81914966434,3.04254387413,2.14184938462,1.60549903497,3.11902342657,3.42528146853,1.52931664336,0.00168671328671,0.043558041958,0.538686355245
30,-11584.8386179,-36.360578687,33.6443317073,34.736896748,16.9493471545,19.0651678862,2.81874792683,3.05267995935,2.14522829268,1.60311776423,3.1119095122,3.43312752033,1.5246900813,0.00165447154472,0.0438658536585,0.524616800813
31,-11513.5,-46.4778538462,31.3246892308,31.0749061538,13.7594246154,13.4919283077,2.80971892308,3.03849169231,2.10868830769,1.57337569231,3.01521,3.49676753846,1.53218338462,0.00246153846154,0.039,0.490013984615
32,-11593.5521805,-28.5726210011,28.3522565414,27.0438320301,14.6987033083,15.5063787519,2.80986147368,2.99853867669,2.06513455639,1.60377682707,3.1076055188,3.38594342857,1.52833031579,0.00113533834586,0.0256406015038,0.564348965414
33,-11613.7625148,-54.4074532159,32.7388281139,31.2390752076,13.5189081851,14.2649244365,2.81579326216,3.04318539739,2.1121323013,1.608841293,3.12481635824,3.40008180308,1.5276133452,0.00145551601423,0.034453143535,0.461810189798
34,-11515.9534247,-21.4995304137,34.4318287671,35.0280726027,17.8832,17.8186191781,2.82287986301,3.03380890411,2.12177958904,1.5906260274,3.04963438356,3.46116616438,1.53025041096,0.00391780821918,0.0465479452055,0.728485232877
35,-11584.6130435,-54.910185786,28.7068973244,26.5588882943,10.5211070903,9.75297394649,2.81289919732,2.99203491639,2.06883351171,1.59972464883,3.12336561873,3.44235501672,1.53437060201,0.00132775919732,0.0387859531773,0.423132006689
36,-11535.966087,-34.8453586223,32.3115440217,32.5057728261,11.0598140217,11.2609875543,2.81679059783,3.09856548913,2.26661554348,1.59822711957,3.12674380435,3.50946472826,1.57165771739,0.00254891304348,0.0334891304348,0.502409081522
37,-11473.8047619,-36.6609658571,32.3926095238,32.9710595238,14.7744857143,14.9010166667,2.81172690476,3.05435119048,2.13600714286,1.57863571429,3.00180857143,3.47585261905,1.52669166667,0.00542857142857,0.0434761904762,0.585819571429
38,-11591.0376838,-48.4471547799,29.0165446691,26.1296004596,18.4285001838,17.1354847426,2.81581144301,3.06037413603,2.15816695772,1.60548570772,3.12646265625,3.47989789522,1.52834529412,0.00123713235294,0.0446341911765,0.486603957721
39,-11628.8833333,-49.9788918791,25.7046671569,28.1852186275,10.5926577451,12.6983411275,2.80209477124,2.96132127451,2.02767977124,1.60413531046,3.10597169935,3.3018100817,1.53408091503,0.000341503267974,0.019864379085,0.398962578431
40,-11495.6849057,-34.0612007547,32.3074150943,32.437654717,14.1322060377,13.9788218868,2.8134990566,3.02213188679,2.10506433962,1.57687226415,3.02068584906,3.47117962264,1.53235037736,0.00447169811321,0.0447547169811,0.594881358491
41,-11577.8131579,-35.2255323026,27.5124322368,27.7697572368,12.3562630921,12.8098402632,2.81139401316,2.98690828947,2.05947230263,1.60081190789,3.09538756579,3.38751282895,1.53500625,0.00184868421053,0.0319342105263,0.509811973684
42,-11503.9215385,-34.716248,29.2896371795,28.5155384615,13.6209396154,13.3126538462,2.81450217949,2.97982653846,2.04806897436,1.60399051282,3.07626794872,3.42325333333,1.54149589744,0.00362820512821,0.0321025641026,0.513232217949
43,-11618.4756849,-52.9078103527,29.0337938356,27.0843462329,11.3564508904,8.37675109589,2.81084808219,2.9836240411,2.05466794521,1.6038035274,3.11600931507,3.38131578767,1.52777496575,0.0013595890411,0.0224006849315,0.39346759589
44,-11539.530303,-26.5566324242,35.0175333333,34.6461787879,19.3431565657,19.1686393939,2.8197430303,3.04138080808,2.13231575758,1.58869111111,3.0694320202,3.46799353535,1.52689777778,0.00339393939394,0.0458585858586,0.601073434343
45,-11601.8166511,-43.5879880355,32.6117799813,33.8709068288,18.8135282507,19.6671294668,2.81106470533,3.05648602432,2.1485674275,1.59679197381,3.10805553789,3.46342849392,1.52464590271,0.000930776426567,0.0473302151543,0.515160341441
46,-11577.0478632,-59.5950523932,30.8648495726,30.9333247863,13.6737273504,13.9109735043,2.81254521368,2.99033846154,2.06971606838,1.59361880342,3.08047615385,3.38081538462,1.52736888889,0.00135042735043,0.0370854700855,0.455204034188
47,-11604.1518135,-37.2088173575,27.4189668394,28.7932756477,12.8901545078,13.5987876684,2.80964305699,2.99932393782,2.07162761658,1.59889746114,3.09466689119,3.44196880829,1.51736694301,0.0020932642487,0.0306165803109,0.506322264249
48,-11625.1129973,-48.4972186753,25.8269822281,26.3277588859,8.13465746874,5.07548916256,2.79704580902,2.94010183024,2.00268251232,1.6034809928,3.10540922698,3.55924391815,1.52866015915,0.000882531261842,0.0015960591133,0.33371394316
49,-11596.7586111,-35.4097081149,29.851137037,26.8911474074,20.663759537,19.607677037,2.80152300926,3.04937480556,2.1437212037,1.58934042593,3.09467476852,3.49167576852,1.52922786111,0.000284259259259,0.0463231481481,0.494118039815
50,-11508.3755556,-48.1990693333,31.6821088889,31.5609666667,14.1734088889,14.0589008889,2.789426,3.01863577778,2.11096933333,1.58249,3.03366888889,3.45558333333,1.53226466667,0.00213333333333,0.0455555555556,0.503167155556
51,-11479.9304348,-30.6197732174,30.9586195652,31.8014478261,13.0564982609,13.8956643478,2.81782282609,2.95286934783,2.01791521739,1.58532891304,3.00495673913,3.45951673913,1.53359173913,0.00517391304348,0.035,0.618998065217
52,-11611.4031716,-60.0563337687,30.4703458955,30.7274320896,11.1154520522,13.8443429104,2.80364787313,2.97947527985,2.05522585821,1.60798205224,3.11740531716,3.44286923507,1.53213152985,0.000582089552239,0.0351175373134,0.458604483209
53,-11591.5803456,-42.3404158963,32.8723436285,30.7599323974,18.9145051836,17.8647233261,2.8184162203,3.0412087689,2.14118168467,1.59018209503,3.08673008639,3.40082019438,1.52615818575,0.00177969762419,0.0424427645788,0.521686064795
54,-11502.0580645,-17.0027093548,33.7369645161,33.8156806452,15.0222077419,14.9725785484,2.81901516129,3.02140096774,2.1006183871,1.58869483871,3.04891806452,3.47972258065,1.52895064516,0.00659677419355,0.0466935483871,0.709665177419
55,-11579.6471631,-33.2692755801,36.3507780142,35.0251258865,19.5588343972,18.5523475177,2.79325053191,3.0501601773,2.14244304965,1.58949184397,3.08790134752,3.46579514184,1.52639939716,0.000333333333333,0.0451241134752,0.534175304965
56,-11521.0647059,-29.2951643568,32.9544161765,32.8030176471,14.2283263235,14.1655929412,2.81788544118,2.99129691176,2.06468544118,1.58699147059,3.04143088235,3.43095029412,1.53653558824,0.00520588235294,0.0339705882353,0.650125470588
57,-11605.8476886,-49.5047035401,25.6350103406,26.0308273723,8.43740756691,11.8216273723,2.81754809002,2.94968648418,2.00538607056,1.59800916058,3.11552520681,3.42239469586,1.52548346715,0.00124817518248,0.0256472019465,0.467057667883
58,-11578.6541667,-39.3746170838,31.9723241667,31.7962533333,14.9053475,14.8051116667,2.80072025,2.94240641667,2.00255291667,1.60194866667,3.1010085,3.35532891667,1.54660708333,0.00133333333333,0.0292916666667,0.538471816667
59,-11600.9409169,-51.8918953851,28.5676523193,25.5010656958,10.7071774542,10.0617532255,2.80273485437,2.94106130529,2.00841448759,1.6022219849,3.15888149946,3.28471271845,1.55446572816,0.00075836030205,0.024786407767,0.432038731392
60,-11507.5032787,-30.0073784098,33.4346721311,32.7799081967,14.961704918,14.6425777049,2.81016311475,3.3690142623,2.98935163934,1.58593704918,3.05173819672,3.46677918033,1.5381042623,0.00349180327869,0.0725901639344,0.633763901639
61,-11574.3635897,-18.8952157692,33.7208738462,33.9491030769,15.4844261538,15.5445882051,2.80433482051,2.96820020513,2.03658441026,1.60067517949,3.10075835897,3.35359317949,1.53552697436,0.00153333333333,0.0307333333333,0.588238035897
62,-11537.2886364,-29.4199246318,30.1073590909,29.6256886364,12.5541676136,11.9049815909,2.81467590909,2.96291170455,2.03105340909,1.59127909091,3.06312,3.43414954545,1.53387534091,0.00204545454545,0.0300909090909,0.591725920455
63,-11577.4227564,-28.0308901747,28.0909474359,27.0816471154,14.0817288141,12.933366891,2.81432253205,3.01051025641,2.09783830128,1.60299701923,3.11497419872,3.38793326923,1.53266272436,0.00218269230769,0.0416217948718,0.516678442308
64,-11558.5280383,-29.3229032632,29.2046832536,28.9242555024,13.0662288995,12.5988480861,2.8141791866,3.02685248804,2.11642521531,1.59803779904,3.09838574163,3.43389583732,1.53212803828,0.00224880382775,0.041028708134,0.506675023923
65,-11566.8821705,-29.7302207287,29.2603193798,28.4171325581,14.2199703101,13.7574482171,2.80980844961,2.9775379845,2.0437644186,1.59696596899,3.07878542636,3.38830155039,1.53658713178,0.00175968992248,0.0317054263566,0.538051
66,-11585.1638614,-47.7975990149,35.8266851485,34.7738643564,20.8018915842,19.7057727723,2.81939326733,3.0600869802,2.15245950495,1.59982668317,3.10014866337,3.47309247525,1.52878757426,0.00233663366337,0.0472871287129,0.531647173267
67,-11542.2457447,-31.0947951383,29.085537234,28.3097457447,12.689382234,12.0688219149,2.81089776596,2.97122510638,2.04677648936,1.58298978723,3.04657702128,3.44497382979,1.52850765957,0.00381914893617,0.0350744680851,0.539358606383
68,-11586.4549669,-38.9638712583,31.4977162252,34.3029039735,23.744915894,26.4047423841,2.81365745033,3.0346086755,2.11418096026,1.59631701987,3.09138953642,3.42422701987,1.52356069536,0.00117549668874,0.0397317880795,0.512342682119
69,-11590.0795539,-29.7098318996,38.4176423792,37.3214282528,21.0082665428,19.3171985874,2.81658869888,3.03015591078,2.11871750929,1.60350583643,3.10945654275,3.44254126394,1.51912628253,0.00263568773234,0.0480334572491,0.587094936803
70,-11572.866055,-37.269553945,28.1350954128,28.0204073394,13.7578944954,13.9247522936,2.81420587156,2.96910743119,2.03547697248,1.59804577982,3.09685577982,3.41270908257,1.54813311927,0.00260550458716,0.034752293578,0.508682834862
71,-11553.6621053,-39.5931293589,33.1103873684,33.3705326316,14.5900463158,15.0954084211,2.80780305263,3.01567031579,2.08733105263,1.58926884211,3.06031842105,3.47691621053,1.53623684211,0.00284210526316,0.0314947368421,0.548685778947
72,-11628.5317073,-66.9876839106,30.1943036585,30.269149187,13.2873138211,13.6025776423,2.81182865854,2.97883560976,2.04961825203,1.60381678862,3.09350882114,3.37486406504,1.52237650407,0.00286178861789,0.0253089430894,0.426282861789
73,-11609.3893258,-47.7960191011,32.6120275281,32.5998865169,18.914747191,18.1670089888,2.81758213483,3.04937393258,2.13225994382,1.59843227528,3.09508376404,3.50793132022,1.528385,0.00160674157303,0.0484578651685,0.511936553371
74,-11576.7,-31.34145875,29.55585625,29.5563910714,10.2048765179,10.0885921429,2.80607508929,2.94108928571,2.00257660714,1.59901544643,3.08200517857,3.48100928571,1.51339214286,0.00222321428571,0.0142857142857,0.499329580357
75,-11538.4265823,-26.1640288608,32.5585822785,32.8659594937,15.2203236709,15.0918860759,2.81135721519,2.968,2.03159341772,1.59317911392,3.05722670886,3.42583594937,1.54114253165,0.00269620253165,0.0350506329114,0.652672924051
76,-11568.38625,-25.067716225,29.387835625,29.438140625,14.468164875,14.4365435625,2.8141055625,3.028112125,2.098898875,1.60068575,3.09275275,3.4657645625,1.5326683125,0.00301875,0.0393875,0.53401906875
77,-11588.9740351,-30.5725668281,35.4044519298,33.7678635088,18.006425614,17.6217449123,2.78960133333,2.97276094737,2.04323614035,1.59029150877,3.10194049123,3.37986305263,1.53848729825,0.000705263157895,0.0339789473684,0.554921733333
78,-11544.6814286,-20.6283194786,33.5283057143,33.7421428571,14.2808595714,14.4548307143,2.81336178571,3.03728621429,2.13111607143,1.58775592857,3.07756185714,3.45122778571,1.5280725,0.00172857142857,0.0312642857143,0.667860478571
79,-11614.2753176,-46.3389903485,27.6605372051,30.8284883848,11.3016493648,12.6479,2.81126591652,2.97290217786,2.04242829401,1.59512170599,3.10237784029,3.42504958258,1.52533437387,0.000500907441016,0.0366896551724,0.525113459165
80,-11599.6849711,-37.3518176965,34.5361283237,35.9000445087,15.4395916474,15.2759557803,2.81570427746,3.08002031792,2.1811833237,1.59914407514,3.11337734104,3.50339390173,1.52975372832,0.00166184971098,0.0435433526012,0.509878485549
81,-11601.9176166,-44.6078946943,36.0910522021,33.0592803109,19.6413449482,16.7752729275,2.81754459845,3.0475346114,2.1452017487,1.59915803109,3.10628143782,3.4382192487,1.52479463731,0.00114119170984,0.0458069948187,0.469084993523
82,-11607.7044186,-34.7522661884,29.226082093,27.8590667442,14.7958618837,13.7568526977,2.80341646512,2.95559465116,2.02856990698,1.59979430233,3.11218111628,3.33788118605,1.54219695349,0.000658139534884,0.0302418604651,0.498153181395
83,-11592.0285057,-34.4563008644,34.9901885057,33.8970944828,19.6422544828,18.3503885057,2.81300089655,3.05977101149,2.15776285057,1.59780645977,3.10175043678,3.45859018391,1.52659395402,0.0019908045977,0.0478114942529,0.503734533333
84,-11599.7002421,-38.4067927361,32.7796651332,32.5908096852,14.8746941889,14.6855215496,2.81607837772,3.0290762954,2.1178542615,1.60627447942,3.11318900726,3.43250392252,1.52700079903,0.00171428571429,0.0487384987893,0.519964978208
85,-11584.2276087,-50.7710165748,36.6717875776,36.2057015528,21.0515618012,21.1668431677,2.80680990683,2.98662478261,2.05721636646,1.59714332298,3.13706270186,3.38639742236,1.54264347826,0.00155590062112,0.0287577639752,0.503137953416
86,-11599.0722467,-36.5837257137,36.1865511013,33.9269933921,18.5839568282,16.2448281938,2.81528819383,3.03350162996,2.0978638326,1.60120550661,3.09815378855,3.42594409692,1.53133647577,0.00215859030837,0.0369955947137,0.569101731278
87,-11591.6307107,-53.1208460203,24.9757291878,28.2274271574,11.7079001777,11.6307001269,2.8111001269,3.01752053299,2.09976563452,1.5950477665,3.09604997462,3.46814596447,1.52098241117,0.000532994923858,0.0449340101523,0.387001911168
88,-11599.4457597,-38.8762855583,32.4208316254,34.966774735,18.7490613074,19.4999908127,2.80918309187,3.05932102473,2.15107734982,1.6044390636,3.11137683746,3.45896291519,1.52207031802,0.00160954063604,0.0478798586572,0.580216180212
89,-11602.3658228,-60.0158681646,31.7110506329,30.9032411392,14.3003253165,13.7371,2.80777810127,2.95255310127,2.02041772152,1.60202449367,3.08274063291,3.32833702532,1.54249348101,0.00166455696203,0.0247658227848,0.454184208861
90,-11514.4697368,-23.7104986013,32.8275802632,32.8008157895,14.9514335526,14.9710978947,2.816765,3.00577368421,2.08606078947,1.58643078947,3.04345381579,3.47180644737,1.53145421053,0.00340789473684,0.0330131578947,0.653314657895
91,-11528.980303,-36.5783701515,32.6884409091,32.5756454545,15.6333439394,15.2889469697,2.81232242424,3.0299530303,2.11215454545,1.58928227273,3.04523287879,3.45395590909,1.53131742424,0.00215151515152,0.0481060606061,0.601154954545
92,-11512.4357798,-8.20619287358,38.4791284404,38.2174614679,20.9985853211,20.6753412844,2.81184247706,3.04204201835,2.12811724771,1.58399761468,3.05660954128,3.46001733945,1.5256840367,0.00228440366972,0.0456605504587,0.86282387156
93,-11610.654717,-35.5695919553,33.3705893082,32.8322267296,18.1620518868,18.3367600629,2.81699377358,3.06742849057,2.15181402516,1.59686433962,3.09533798742,3.4708563522,1.52767597484,0.0022893081761,0.0482987421384,0.543262433962
94,-11603.0150826,-39.0500513915,33.5970043388,32.2322194215,24.8720487603,23.5171539256,2.81932803719,3.04774342975,2.1193361157,1.60534752066,3.10820896694,3.3939252686,1.53191605372,0.00309297520661,0.0372747933884,0.500560262397
95,-11585.8771124,-40.8886359442,30.8063255947,33.020409434,24.0144973749,23.8553382281,2.79946187039,3.07727969647,2.17928375718,1.59989995078,3.12440193601,3.47781682527,1.52614458573,0.000231337161608,0.0507932731747,0.546796851518
96,-11517.9164384,-24.9783482192,30.0332794521,30.1004616438,9.47698041096,9.50537657534,2.80663178082,2.99250178082,2.06571383562,1.59188726027,3.07423753425,3.50319109589,1.5292409589,0.00394520547945,0.0191643835616,0.596174027397
97,-11485.51,-26.0462658333,36.082005,35.5923566667,20.054935,19.6058283333,2.82722833333,3.0550075,2.1305265,1.57633666667,3.007908,3.4961445,1.53057583333,0.00703333333333,0.0428833333333,0.65457595
98,-11637.3676443,-54.2501771665,32.4673415326,32.5165466414,18.9936864711,17.8450255913,2.81432780038,3.07993539735,2.1765353737,1.60708306528,3.12330977767,3.52102470672,1.52712571429,0.00188883632923,0.0490302743614,0.45632383018
99,-11599.2163832,-47.6916678317,24.8331312444,26.4047144136,19.080492838,17.2575662489,2.81391076992,3.03460028648,2.1317713966,1.59439706356,3.10435070725,3.41359607878,1.52729823635,0.000283795881826,0.0455156669651,0.425169005372
100,-11568.8992126,-35.1748278606,34.0349732283,32.8599259843,18.3757937008,16.206880315,2.81860062992,3.03427503937,2.12493188976,1.60054393701,3.09553055118,3.46718015748,1.52836874016,0.00276377952756,0.0453385826772,0.622461094488
101,-11561.1255754,-38.2203199488,29.9802808184,32.1180386189,18.4377976982,19.076970844,2.78010613811,2.96110393862,2.02747030691,1.58013790281,3.07794383632,3.47566877238,1.52176473146,0.000273657289003,0.0300204603581,0.523725613811
102,-11617.1127003,-59.6943887897,26.7749160256,26.6535611378,8.07325959135,5.07919155849,2.81922116987,3.05393154247,2.16442071715,1.59835252003,3.09830604167,3.50907494391,1.52568047676,0.00113421474359,0.0101682692308,0.345275701122
103,-11640.5803828,-54.4795922094,26.9053518921,25.375161853,10.8497256981,7.59299870378,2.80862110048,2.97332572858,2.02299942149,1.60513880383,3.10913616355,3.42055747716,1.52469670726,0.000706829056111,0.0196837755546,0.362037520661
104,-11567.9507813,-39.7131350148,27.9141546875,27.5343875,14.308165625,13.4717539063,2.81789132812,2.94048882813,2.00701023437,1.60253492188,3.1098753125,3.32048726563,1.54903054687,0.0046484375,0.02396875,0.547447726562
105,-11587.3294872,-35.7184724542,32.7439899267,34.7571067766,15.2739014652,17.4446232601,2.7929028022,3.03658716117,2.12900007326,1.5887297619,3.08541307692,3.4333707326,1.52154727106,0.000384615384615,0.0476684981685,0.527868858974
106,-11633.3268828,-54.9560863138,26.4285426081,24.617757357,9.67027400976,11.3979621478,2.80518064505,2.88685608438,1.9307562901,1.59876506276,3.11788468271,3.26637014993,1.55022379707,0.000840306834031,0.0155610181311,0.397725818689
107,-11553.83625,-34.1229256625,31.49280125,31.72947125,13.18071275,13.4058005,2.79456775,2.968459875,2.038297125,1.577966125,3.043335875,3.510291625,1.522928,0.003075,0.029,0.5804830625
108,-11515.9649351,-10.8346737597,34.2367857143,34.1416883117,15.2709045455,15.2365920779,2.82232454545,3.02892025974,2.10214883117,1.59383506494,3.07425948052,3.41551597403,1.5312712987,0.00458441558442,0.0377272727273,0.74045638961
109,-11518.4012987,-16.4756066883,35.2419545455,35.6934428571,16.4965766234,16.7470181818,2.82081545455,3.01212311688,2.08551818182,1.59153857143,3.0626087013,3.47524766234,1.51859675325,0.00320779220779,0.0403896103896,0.754439935065
110,-11367.1689744,-31.38365,31.4534769231,31.127025641,14.0923682051,13.4695397436,2.82471,3.01672384615,2.09222410256,1.5920374359,3.00832794872,3.39864384615,1.55749897436,0.00484615384615,0.0293846153846,0.596752538462
111,-11615.4467626,-41.4910057734,35.0653584532,34.0153057554,21.6205681655,20.4278438849,2.80939345324,2.97206473022,2.0368318705,1.60315246403,3.10799048561,3.40357232014,1.53344629496,0.000980215827338,0.0288147482014,0.465824365108
112,-11577.8,-43.9201987619,32.1893047619,31.6001761905,15.2211552381,14.8536,2.81636971429,3.01438019048,2.10389219048,1.5987452381,3.08930209524,3.47045752381,1.5289047619,0.00246666666667,0.0368,0.540521942857
113,-11578.8540773,-35.9543336708,35.3641751073,35.2451785408,23.9733871245,23.9047042918,2.81938729614,3.0429216309,2.12531412017,1.60239515021,3.09961420601,3.44054583691,1.52569,0.00251502145923,0.0400858369099,0.547743463519
114,-11606.992605,-36.4874427395,27.5010020168,26.7668405042,15.7972742857,14.0992571429,2.81126636975,3.05176168067,2.14209727731,1.60477492437,3.12451653782,3.48547391597,1.52889635294,0.00112268907563,0.0480722689076,0.494362678992
115,-11574.5570968,-27.8388878387,25.556513871,25.6520196774,19.7614906452,19.6550587097,2.80501787097,3.01284619355,2.08525783871,1.59642906452,3.11695487097,3.40713929032,1.53110845161,0.000967741935484,0.0338193548387,0.417934116129
116,-11596.5552301,-41.1955482406,28.8937497908,32.0896479079,6.58200598326,9.26608790795,2.79899156904,2.866866841,1.92439525105,1.59774451883,3.10147169456,3.4406166318,1.54153144351,0.000859832635983,0.00265690376569,0.424942100418
117,-11536.874026,-37.3418454545,33.0106714286,33.5954207792,16.845274026,17.6233896104,2.82309896104,3.0589925974,2.13975844156,1.58795805195,3.06006298701,3.46455714286,1.52962675325,0.00424675324675,0.0474415584416,0.62002112987
118,-11589.2246154,-29.5897386154,34.0429312821,34.5057738462,15.1191310256,15.0070699487,2.80532805128,3.00649671795,2.08002061538,1.59550092308,3.09141292308,3.36558738462,1.52195035897,0.000887179487179,0.0330307692308,0.552444948718
119,-11504.5333333,-29.1725727895,31.4303087719,31.6295385965,11.8177161404,11.9284163158,2.82242508772,3.05692964912,2.1259222807,1.58286649123,3.03674421053,3.52238964912,1.54273473684,0.00526315789474,0.0297368421053,0.606181052632
120,-11626.955979,-50.070312514,24.9705483916,26.469957972,7.75239005245,11.0493564441,2.79261591608,2.94913396154,1.99682233566,1.60847955245,3.11721227273,3.39703293706,1.53347864336,0.000145454545455,0.0410877622378,0.374233606993
121,-11606.9416667,-33.9526101786,34.5535548485,37.2796637879,14.5456254545,16.7067151515,2.81235701515,3.04274378788,2.11686569697,1.6056175,3.11063071212,3.42284654545,1.52444424242,0.00173787878788,0.0364772727273,0.623778290909
122,-11622.5806054,-51.2330717937,32.9895612108,32.1980438341,19.351579148,19.5268818386,2.82310733184,3.03572637892,2.1368033296,1.60568366592,3.11938580717,3.42879790359,1.52321108744,0.00200560538117,0.0467903587444,0.503229290359
123,-11575.8210256,-30.4258688205,29.7398097436,28.9382594872,11.9245349744,11.4535348205,2.80861861538,2.961696,2.03400979487,1.58993317949,3.09246615385,3.43733871795,1.52740210256,0.00146666666667,0.0471487179487,0.518159461538
124,-11595.7886878,-44.1944276425,26.8604574661,30.1788099548,11.1994533937,12.6853312217,2.81868126697,3.04167968326,2.13183230769,1.59585963801,3.09393687783,3.43212733032,1.53138054299,0.0023665158371,0.0479547511312,0.450308914027
125,-11616.6824358,-47.8425412461,31.2039096628,31.947926774,18.0015420735,19.9623211877,2.81045386009,3.06179971817,2.15570385003,1.59798390539,3.09157087569,3.5016997685,1.51867891797,0.00111071967791,0.0456950176145,0.519333190237
126,-11576.6292208,-38.5316276623,33.7882727273,35.9288064935,18.2909746753,20.3262175325,2.81435506494,3.05849655844,2.14492006494,1.59892896104,3.10087467532,3.47470077922,1.52728396104,0.00129220779221,0.0453961038961,0.518647331169
127,-11583.0936768,-56.6546828806,31.6490915691,31.1272576112,14.2048168618,13.4316144965,2.8018464637,2.96949107728,2.04127831382,1.59809477752,3.10806044496,3.50160002342,1.52132173302,0.000854800936768,0.0496651053864,0.40966898829
