0,currentEnergy,Binding Energy,dist_activesite,dist_activesite2,dist_activesite3,dist_Ser_to_His,dist_His_Asp,dist_His_Asp2,dist_Ser133,dist_Ser133_2,dist_Ser133_3,dist_Ser133_to_His,dist_His129_Asp,dist_His129_Asp2,dist_His129_Glu,dist_His129_Glu2,sasaSer,sasaSer133,sasaLig
1,-11690.493405405407,-27.44123603930502,15.360709575289576,17.162603397683398,13.76215158301158,2.8102653745173742,1.5969147722007722,3.109564123552124,13.433129853281855,12.980443158301156,12.768767467181467,4.348082193050193,5.478961683397684,3.8094991428571428,1.6821692818532819,2.3498890579150578,0.046450193050193045,1.003861003861004e-05,0.49170705096525097
2,-11701.210499561788,-57.58735923137599,20.72468851884312,17.354790929009642,21.41782616126205,2.79270703768624,1.5902238124452235,3.113090403155127,10.010939211218227,11.73584926380368,9.464186660823838,5.23005351884312,6.203324912357581,4.086373645924628,5.429708698510078,5.2305793076248905,0.06196187554776512,0.012369851007887815,0.4182037975460122
3,-11702.090089874177,-40.06615442282804,19.380140263630917,20.876005032953866,20.0202364289994,2.830688723786699,1.5937616716596763,3.1130903594967045,7.813888064709407,10.312903451168365,11.800357585380468,4.677189910125824,5.5565177950868785,4.20054573996405,2.6821239844218097,1.6782879328939486,0.04416476932294786,0.06723427201917316,0.45439461234272016
4,-11724.988626231214,-63.46443906459303,23.832937791601864,19.855789165370656,22.81568138932089,2.7995968481078277,1.577637179885951,3.0839176723691026,12.339733955417312,13.159498703991702,9.98434247796786,5.044906625194403,4.854079637117678,3.134710264385692,1.7522571228615857,3.0411781752203217,0.06277604976671848,0.07199792638672886,0.41726591083462944
5,-11700.855106488361,-52.0500651500743,17.089679990094105,16.933376869737497,17.929631401684002,2.792749440316989,1.5848948390292221,3.1034731054977716,8.249455349182762,5.511716592372462,6.79810476473502,4.203093997028232,1.5366131847449231,2.9505691233283806,5.260998236750866,3.397098593363051,0.003380881624566618,0.0007176820208023774,0.3930721852402179
6,-11714.499743040686,-41.75365989635974,17.49193340471092,20.30351573875803,15.424667237687368,2.8369127194860813,1.5911754068522486,3.1115313062098497,5.857060471092077,5.372539860813705,7.617607034261242,4.389174775160599,5.396078907922913,3.8330125267665953,1.6931128265524626,2.3994199143468955,0.043230192719486076,8.02997858672377e-05,0.46059859850107066
7,-11686.051064301553,-62.82515954323724,19.207614412416852,20.175775498891355,14.56411385809313,2.805638802660754,1.5840673503325944,3.1005597339246123,8.576039412416852,6.84175256097561,4.526303314855875,3.01808534368071,1.586167572062084,3.2379572727272725,5.681513758314856,4.455888348115299,0.00017184035476718404,7.427937915742795e-05,0.4551286718403547
8,-11614.42176100629,-16.496543805031447,22.539501886792454,22.228712578616356,23.034582389937107,2.82720213836478,1.5921659748427672,3.084418742138365,11.290506352201257,11.735060943396228,11.10498647798742,4.672636981132076,5.747454716981132,4.453155157232705,1.9002472955974843,2.1243727672955974,0.03650314465408805,0.005169811320754718,0.5439812955974842
9,-11702.338436657681,-40.591068830188675,18.085722641509435,17.17410754716981,19.91516064690027,2.80586191374663,1.5950931536388138,3.109188409703504,8.03173911051213,7.976818948787063,7.509533261455525,4.968764851752021,5.416797924528301,3.9119514285714283,2.028801886792453,2.1272885444743936,0.06063611859838275,0.005223719676549865,0.4795568382749327
10,-11717.73362745098,-53.469054550653595,19.80271952614379,20.784518545751634,18.163391176470586,2.8120722794117645,1.6124081290849674,3.133006838235294,8.918784060457517,7.730622214052288,6.938825343137254,4.602324215686275,5.948315833333334,4.846250138888888,1.6971801633986927,2.12815658496732,0.014531045751633989,1.2254901960784313e-05,0.46598600980392163
11,-11688.00683087028,-61.266695873563215,17.877343513957307,19.884127914614123,18.092675862068965,2.8092624794745484,1.5962965681444992,3.1221111001642035,8.877347766830871,7.756680147783251,10.478388357963874,4.2400934318555015,1.5525296880131363,3.170657881773399,4.770195188834155,4.975807832512316,0.0009047619047619051,0.1546847290640394,0.4022435303776683
12,-11698.400966325036,-52.10114423426061,16.516765007320647,18.972053587115667,13.812738653001464,2.8433914055636893,1.591931376281113,3.106425417276721,5.616705431918009,7.24734093704246,6.4013336749633964,4.8526198682284045,3.5785917130307467,1.6061503221083453,3.637727613469986,4.458748286969254,0.034405563689604686,0.00044802342606149346,0.4667194465592972
13,-11690.797380660953,-54.17995124479805,19.44475911872705,20.685268053855566,18.181599020807834,2.7859282496940025,1.5834967197062424,3.0836488004895957,10.062005581395349,11.714155226438189,13.047686340269278,4.691378800489596,6.055776817625459,4.903954124847002,2.2450288616891063,1.791406866585067,0.05293880048959609,9.547123623011016e-05,0.3818791481028152
14,-11697.250018281535,-50.514774614442416,22.462572760511883,19.658202925045703,25.144371663619747,2.798522084095064,1.5908971297989032,3.1177876051188296,9.91197663619744,13.233833272394882,11.458851151736745,4.547310073126142,5.324547842778794,3.6666846800731263,1.8870083546617915,2.7947737111517363,0.05944606946983546,0.0002577696526508227,0.5098796855575868
15,-11680.583572621035,-44.23437220367279,17.5430612687813,18.099758597662767,16.648785976627714,2.8446670951585977,1.5946343405676127,3.0932431385642736,6.283330751252087,5.0820611686143575,4.362747612687813,5.477525158597664,4.804615609348915,3.6300360267111853,2.305778464106844,1.9697757595993324,0.02419532554257095,0.0022120200333889816,0.45361612854757927
16,-11679.470416666669,-42.18966106597222,18.768818576388888,17.43513819444444,21.49383645833333,2.8277526909722224,1.5903282291666667,3.105662864583333,8.32369890625,10.988847083333333,9.81465204861111,4.470332673611112,5.229897413194444,3.541368055555556,1.655251423611111,2.4627204340277777,0.04984895833333333,0.004918402777777778,0.5287500954861111
17,-11682.84158501441,-42.57880858227666,20.180460951008648,20.24365662824207,17.806768011527378,2.829925028818444,1.6017882420749279,3.1030840634005763,11.292930907780981,8.659228847262249,7.513588155619596,4.213143962536023,5.530178501440922,3.9277812536023053,1.6834910518731991,2.592440317002882,0.04229538904899135,0.017804034582132568,0.4412703069164265
18,-11694.396073354908,-37.631929894498384,21.83590798274002,19.694751564185545,21.671308737864077,2.789649331175836,1.5998396655879181,3.1103084034519957,13.138560625674218,11.676623851132685,8.545542502696872,5.440334854368931,3.674578996763754,1.577203139158576,4.179045631067961,4.9465917367853285,0.05861596548004312,0.0035933117583603034,0.46503777993527506
19,-11707.621314183123,-54.94631371989228,29.58044800718133,26.993866606822262,27.04985443447038,2.794418179533214,1.5907332387791744,3.1079824021543985,19.913811238779175,16.150374402154398,13.7364061005386,4.960775048473968,3.616301317773788,1.5544831095152603,4.113422298025134,4.8055510592459605,0.058726750448833034,0.0015285457809694795,0.4647756793536804
20,-11723.150637300843,-69.16463720679475,22.126040815370196,24.001610168697287,17.77087549203374,2.8454945876288655,1.5960487910028116,3.1237547047797563,11.352161574507965,6.032201630740394,8.27656217900656,4.887525210871603,5.539293280224929,3.784588617619494,1.68704633552015,2.6086851640112463,0.016247891283973758,0.0766733833177132,0.4310130295220244
21,-11718.746,-49.61461737588651,20.13803070921986,16.972851985815602,24.27537680851064,2.8002295035460993,1.5907271702127657,3.1164571347517733,7.908123836879433,12.81450276595745,12.406483439716311,4.720521099290781,3.755975758865248,5.321049687943262,1.6481087517730497,2.6050385531914895,0.05804609929078014,0.05619219858156029,0.45297129361702126
22,-11687.760500000002,-37.88121484601923,13.659821153846154,12.068467230769231,14.88975075,2.820164384615384,1.6079530384615384,3.182121173076923,12.099427076923078,9.712838557692308,9.185814826923075,5.4128366923076925,4.621535692307692,3.2926114230769223,3.1674360576923077,1.6359358846153844,0.005142307692307693,0.07734807692307692,0.40714987884615383
23,-11692.08526618705,-41.845296481870506,22.74666417266187,21.15951784172662,22.92900820143885,2.79913218705036,1.5914113093525182,3.1134500143884893,12.02362650359712,13.146206230215828,11.887125784172662,4.253788633093525,5.309100863309353,3.6318958848920864,1.7701216834532376,2.5398411079136696,0.058132374100719426,0.0016978417266187054,0.4542058244604317
24,-11712.20154460719,-46.73234278383487,20.881858988015978,20.451296138482025,19.736161784287614,2.8290873901464715,1.5918985086551265,3.0986879893475363,10.590431411451398,9.202888109187748,7.226520199733689,4.537178042609854,5.405978681757658,3.8340060585885487,1.951594447403462,2.000622050599201,0.03585619174434088,1.9973368841544607e-05,0.45644334354194405
25,-11720.934182754181,-59.973440997297295,23.901189703989704,20.724893693693694,23.367414929214924,2.7989885199485203,1.6021285199485202,3.150002406692407,16.026738918918916,18.025447606177604,15.323648429858428,4.393916473616474,5.487032792792792,3.909686602316602,1.7107417374517373,2.4224475804375807,0.05955855855855856,0.00019562419562419562,0.34682427413127404
26,-11680.124921524663,-65.48975426513454,17.264783127802694,19.128017993273545,19.96283587443946,2.794495375560538,1.599243340807175,3.1233937219730943,5.126040919282511,8.407895117713005,9.778444125560537,5.058544047085201,3.634675532511211,1.5667049943946192,4.641608256726457,4.3129579988789235,0.05417264573991033,0.003510089686098655,0.4358445644618834
27,-11697.56292882147,-55.15196997322054,24.163835880980166,20.614404375729286,26.066288098016337,2.830372893815636,1.5929044165694284,3.1257373862310383,15.274046616102686,16.616732812135357,13.871383255542591,4.017174859976663,5.749043483080514,4.72429747957993,2.571477217036173,1.556885064177363,0.05112485414235707,0.007284130688448076,0.4513420933488915
28,-11652.125060240962,-34.20330216559639,19.228308433734938,20.118436746987953,18.315208433734938,2.8448015060240963,1.5953398795180724,3.120736325301205,9.21855361445783,7.081647409638554,8.514702771084336,4.320329759036145,3.6899042771084334,1.6345196987951807,4.563855602409638,3.3166054216867464,0.0128855421686747,0.012957831325301204,0.52425228313253
29,-11676.363523158694,-53.22899463644647,24.489797722095673,22.460100227790434,23.500522019741837,2.794988253606682,1.6056365223993927,3.1208497418375094,14.124157752467731,13.453937562642368,10.15706138952164,4.883831397114655,3.702079126803341,1.5752157479119209,4.5576881928625665,4.3302844646924825,0.06102581624905088,0.0024457099468488995,0.4602751913439635
30,-11731.5925982256,-46.30536547275032,18.493393662864385,16.946422433460075,19.10201153358682,2.7948433967046897,1.6027600253485423,3.1073628263624844,6.60539310519645,8.00401082382763,7.341955817490495,4.513569556400507,5.444899860583017,3.880574866920152,1.7731943726235744,2.2437076552598225,0.05906210392902409,0.00020152091254752852,0.45592920785804814
31,-11509.817966101695,-13.756485003898305,25.217961016949147,25.057294915254232,25.102425423728814,2.8012545762711865,1.5823432203389831,3.0496079661016946,14.335829322033897,14.541127118644066,14.439181355932206,5.117622542372882,3.5731505084745767,1.5779057627118647,3.9768713559322033,4.72421220338983,0.05840677966101694,0.010898305084745763,0.6798008305084747
32,-11576.819259259259,-24.983376577777783,24.18783209876543,24.7685975308642,22.248124691358022,2.835067530864198,1.5902886419753086,3.0828437037037038,12.783605802469136,10.9688012345679,11.354137654320988,4.7744438271604945,7.409078765432099,7.961121975308641,3.9345149382716045,4.570397407407408,0.04659259259259258,0.01745679012345679,0.561381938271605
33,-11714.451398305084,-51.55054482838981,18.215455720338984,20.26519216101695,17.929168855932204,2.8009324364406782,1.5909206355932204,3.09821904661017,6.6438341313559315,6.526665953389831,8.688174618644071,4.392199597457626,5.325593792372881,3.638561080508475,1.624925995762712,2.5320536016949156,0.061368644067796595,0.0023241525423728818,0.4595814851694914
34,-11690.917313653137,-40.60796570036901,14.86970118081181,17.280188708487085,15.960791143911441,2.833977225092251,1.5948030258302581,3.1164312177121776,5.127950435424355,7.186714273062731,8.362459446494466,4.8437154022140225,5.233614095940959,3.589623911439115,2.3443798671586715,2.503476428044281,0.0357970479704797,1.5498154981549817e-05,0.44173283247232475
35,-11690.269440879927,-38.33232672502291,17.642919523373052,18.25737937671861,19.568367919340055,2.807675527039413,1.6027738313473876,3.1242816131989004,8.662689156736938,10.978162080659946,11.031864142988086,4.842414051329056,6.313654491292392,5.102473877176902,2.313902181484876,1.665631145737855,0.03463886342804766,0.00011090742438130157,0.46338305866177815
36,-11663.92786427146,-37.986816307385226,18.99711636726547,19.6708630738523,21.643983033932134,2.8301822155688625,1.5929081037924149,3.1088063872255494,9.1395225748503,11.446842255489024,10.888019840319359,4.493623193612774,5.482749740518963,3.8934064670658683,1.784236806387226,2.163868083832335,0.031467065868263484,2.3952095808383234e-05,0.5025163473053891
37,-11677.151623931624,-39.91320008119658,17.596662820512815,19.47975235042735,17.962830769230766,2.821242051282051,1.6026419017094016,3.1293766666666665,6.19997155982906,5.771132905982905,8.404521816239317,5.056520683760684,4.696443824786324,6.024779978632479,1.8264576709401708,3.6568625641025636,0.008132478632478632,0.07505555555555554,0.43146437179487174
38,-11695.600907534246,-49.392148339640414,21.099506249999997,20.658247688356163,19.597990753424654,2.7969196746575338,1.6046213869863013,3.13085477739726,9.73322484589041,7.998076969178082,7.902628878424657,4.749189905821917,5.452190171232877,3.8143080222602745,2.1759694777397263,1.884655393835616,0.06156678082191782,3.424657534246575e-05,0.4565949863013699
39,-11512.96411764706,-17.89446831617647,25.60253823529412,24.909372058823536,26.53913382352941,2.7936061764705875,1.581678088235294,3.0576320588235295,14.417283823529411,15.337670588235293,14.597407794117647,4.94745955882353,3.6184695588235294,1.600787205882353,4.123711617647058,4.810565588235296,0.05333823529411764,0.0022500000000000003,0.6318620735294118
40,-11692.329163346612,-41.862092229747674,24.405297078353254,21.15092337317397,28.28397994687915,2.8247870385126155,1.591836401062417,3.1010299203187253,13.745341779548474,18.03015791500664,16.467637875166,4.573759867197875,5.484372974767597,3.8831941434262944,1.7366820318725098,2.273714037184595,0.030393094289508635,2.3904382470119523e-05,0.5328715869853917
41,-11705.50441747573,-51.6792163342233,22.19181860841424,21.96483009708738,19.790195388349517,2.832908665048544,1.6047545226537219,3.116777087378641,11.541440016181229,8.692392427184467,7.165982394822007,4.53011604368932,5.9182693284789645,4.686871998381877,1.6935283252427182,2.165422977346278,0.03527022653721683,1.2944983818770227e-05,0.46973519498381877
42,-11702.300075376883,-35.65926775025126,21.32611557788945,18.284938819095476,22.47915665829146,2.7986384673366835,1.5914370603015073,3.1110536683417083,10.090094924623115,10.589367324120603,8.326454987437184,4.971216834170853,5.486530942211055,3.9070170351758793,2.117469497487437,1.9480243592964825,0.059327889447236194,3.64321608040201e-05,0.5237197613065327
43,-11675.453722713864,-48.946032747492616,20.968206666666667,19.994693038348085,25.518382654867253,2.8046890973451326,1.5896045309734512,3.092393103244838,12.165378843657816,16.7859885899705,16.77933256047198,4.472512271386431,3.6424337994100298,4.535011150442478,2.0566895280235986,2.0733525604719762,0.0017970501474926259,0.009322123893805307,0.4528767687315634
44,-11703.147276154568,-49.552400295947216,19.055539396795474,20.08785381715363,20.887401413760603,2.833772346842601,1.5918245428840716,3.104125249764373,7.635404307257305,9.41421041470311,10.800648925541942,3.903841206409048,5.754092657869933,4.3795317247879355,1.597792478793591,2.268331753063148,0.0434995287464656,0.006950989632422245,0.48158337417530633
45,-11718.97789606035,-53.035926878122375,23.779750922045267,20.183787887678122,25.306002472757754,2.84062154233026,1.5932708088851633,3.120513101424979,12.922511127409892,15.977803340318525,14.616928851634531,4.800072552388935,4.438384367141659,2.5565303017602687,2.451292217099748,4.318984388097234,0.04954652137468566,0.07216429170159262,0.4118277388935457
46,-11676.028834224599,-50.8417867486631,17.60774663101604,16.10423625668449,17.879662887700533,2.828407807486631,1.6077833903743315,3.1249733155080213,6.112566855614973,7.24538335828877,6.659311475935828,4.474403989304813,5.4457774331550794,3.970859540106952,1.7718301925133693,2.189946395721925,0.032503743315508024,0.00034545454545454555,0.4604802192513369
47,-11691.243674418603,-40.70012074290698,20.13972720930233,17.665247558139534,21.466491627906976,2.8152530581395347,1.6020797093023256,3.1241472441860467,9.697610127906977,9.845213709302325,6.966453627906977,4.697871790697675,5.867275279069767,4.367954941860465,1.7667270930232557,2.4851950813953487,0.04116976744186046,7.093023255813953e-05,0.4813583744186047
48,-11695.019415855357,-54.94336300041724,24.24677705146036,21.762555771905422,25.31948011126565,2.7953101390820585,1.5956778720445064,3.116019360222531,14.269506675938805,14.523387065368565,11.516537037552155,4.61800264255911,5.7588835465924895,4.283837037552155,2.456671863699583,1.8551080806675937,0.05817802503477052,0.0018887343532684286,0.4579262155771906
49,-11719.501210623843,-52.40695145151328,23.810759604694255,25.016141815935764,19.131256145768994,2.7906807350216183,1.6025327856701668,3.117496306361952,12.115709586164298,7.408949512044472,8.44324769610871,4.407084051883879,5.480262798023472,3.896117992588018,2.276842056825201,1.7299746324891907,0.05930203829524397,9.944410129709696e-05,0.43950290735021624
50,-11681.150363036302,-50.417249920132015,18.65379240924092,21.557247524752473,19.065800330033003,2.811857656765677,1.5994225742574255,3.1095460726072606,10.519611815181516,12.219731287128713,14.96096897689769,4.561331947194719,5.978241947194719,4.815313894389439,2.0117283168316833,1.8932958745874586,0.03018811881188119,0.0001221122112211221,0.42725159405940594
51,-11707.6093814433,-58.31236757152061,20.615065721649486,21.44927532216495,19.271187500000007,2.7872947036082474,1.6098691688144324,3.1363434085051547,8.77079137886598,8.651748930412369,9.925579922680413,4.350971585051546,5.494008853092784,3.8721256701030926,1.6764676288659792,2.3505009020618557,0.0579742268041237,4.1881443298969074e-05,0.4776770425257733
52,-11705.899269051322,-47.968697034992225,18.90120365474339,20.223904587869363,22.699614541213062,2.7869315396578536,1.5811576205287714,3.07808966562986,11.116302931570761,15.566187791601866,15.507322402799378,3.0783367418351473,1.5593366174183514,3.119638693623639,4.818495738724728,4.791824860031105,0.00010886469673405911,0.016073872472783832,0.42484681026438564
53,-11728.559904,-69.33623280456,22.599238839999998,20.8470876,19.489306999999997,2.836952336,1.5931181,3.131340456,12.54276042,9.41610524,5.857712884000001,4.506305532,3.755867576,1.662998036,3.2227442760000002,4.909391672,0.0024083999999999998,0.068438,0.4063455824
54,-11686.573700340521,-37.07290370204313,22.396951702610668,21.246074631101017,19.906123098751415,2.78656041430193,1.5874268671963678,3.1222129909194094,10.60327752553916,8.201573229284904,5.158659971623156,4.793184971623156,6.036118740068104,4.600418484676504,2.3859074347332574,1.6391287003405222,0.05595629965947788,3.4619750283768445e-05,0.48449206923950056
55,-11681.061524926685,-42.36974962328445,24.173525219941347,22.36160894428152,25.76588431085044,2.8014908357771264,1.5828761730205279,3.0904065542521995,15.053762170087975,16.22238228739003,14.043386187683286,2.974879706744868,1.556388753665689,3.1347721554252197,4.438059252199414,4.409633929618769,0.0006436950146627567,0.047228739002932556,0.4799942727272727
56,-11621.665826771656,-9.70050696850394,21.560529133858267,21.23349291338582,21.351277165354333,2.835694173228346,1.594520157480315,3.091151732283465,11.398413307086615,11.78441787401575,10.67698377952756,4.351312362204725,5.447650708661418,3.829975118110236,1.5960266141732282,3.7666066929133857,0.042307086614173234,0.017133858267716538,0.6284056692913385
57,-11702.695469448583,-38.961466606110285,21.2313129657228,20.317929955290612,17.570162593144563,2.8507615350223547,1.6124136512667662,3.1554130551415795,11.393265529061104,10.944727093889716,7.431137526080477,4.467509836065574,5.938398301043219,4.3745230700447095,1.6861175111773472,2.432463442622951,0.03004918032786886,2.5335320417287633e-05,0.4787900327868852
58,-11712.828282535076,-59.227637388243835,24.05147290759555,21.07303638122883,23.515975084663765,2.8427272762457667,1.5996163715529754,3.115191644895985,13.694409192065795,12.277295873246251,8.932414300919207,4.5287111562651186,5.64561793420416,4.327164252539912,2.5980805805515237,1.5805513497822932,0.02253217223028544,0.03999516207063378,0.47408771407837447
59,-11598.44698630137,-26.32269190958904,26.760744520547945,24.898801369863016,27.427786301369867,2.799489383561644,1.58792897260274,3.087375753424657,15.636322808219182,17.423725410958905,15.986847328767123,5.015003013698629,3.560735958904109,1.5590398630136986,4.699559041095891,4.85426205479452,0.05995205479452055,0.03185616438356164,0.5783056917808219
60,-11583.275789473682,-3.929330018421053,26.789902631578947,26.10301052631579,26.823949999999996,2.8227936842105263,1.5925182894736842,3.0623927631578947,15.733146184210526,15.908470921052634,14.868900921052635,4.435615263157895,5.3000385526315785,3.7175153947368424,2.072667631578947,2.621378026315789,0.04257894736842104,0.00030263157894736844,0.7067087368421053
61,-11713.568892072588,-66.44513866905443,21.50359006685769,21.15875487106017,21.295710983763133,2.7919497803247375,1.6040663753581659,3.135034603629417,9.472167258834766,9.894646776504299,9.936114536771727,4.47026953199618,5.599119961795607,4.005936275071633,2.150743801337154,1.8803457497612224,0.05737631327602675,1.3371537726838588e-05,0.46430731996179564
62,-11706.475103448276,-53.201762236206896,23.26357448275862,23.199211896551724,19.0394574137931,2.803854568965517,1.6030831206896552,3.1063126896551725,10.55584120689655,7.190202637931035,4.43011972413793,4.84024224137931,6.315019672413793,4.610836448275862,1.6821708448275863,2.8926552758620687,0.058768965517241374,0.03649827586206896,0.4987599362068965
63,-11718.29758103869,-61.900583081212964,23.301714569536422,22.651922899965147,19.755071627744858,2.790261540606483,1.5862112443360055,3.1006057337051236,13.536282955733705,10.606774945974207,7.019148553502963,4.212008884628791,1.5698025270128966,2.9920556395956774,4.667052610665737,5.563210888811433,0.00020076681770651798,0.08740780759846635,0.408817003485535
64,-11682.484587155965,-38.911915131307346,22.178847247706422,18.8514880733945,22.476989105504586,2.792225905963303,1.5936902293577984,3.1127768233944955,10.708417855504587,11.019020355504589,8.625997924311928,4.62047621559633,5.516099816513761,4.04351005733945,2.4373391972477063,1.8723132683486239,0.05947018348623853,0.0023199541284403672,0.4720290665137615
65,-11506.343606557377,-16.384616140983606,27.79518524590164,27.174590163934425,27.807083606557374,2.790271967213115,1.5830465573770496,3.0472950819672135,17.819162295081966,18.090564754098356,17.389983606557372,4.887260491803279,3.6970370491803277,1.6249767213114754,4.155970655737705,4.792715901639344,0.05150819672131147,0.0018032786885245904,0.6493147213114753
66,-11697.607299006324,-45.81707649412827,25.630973035230355,25.097012420957544,21.605561788617884,2.7788425067750673,1.5812710027100272,3.0784064679313463,16.008886454381212,13.218685329719964,10.456922800361337,4.050520207768744,1.5005093224932249,3.2935399774164407,4.058347199638663,4.128199850948509,4.652213188798555e-05,0.08256729900632338,0.40679382971996386
67,-11726.728381226054,-56.74221611829502,21.781699233716477,22.683361829501916,21.708427442528738,2.833798817049808,1.5932637835249042,3.110627490421456,10.141661417624523,11.107258390804596,10.82622596743295,4.4752320450191565,5.52671882183908,3.918881915708812,1.6746319348659005,2.339751221264368,0.04392432950191571,0.0006824712643678161,0.44322664080459767
68,-11716.195113677371,-45.98648848148682,19.219281089859255,20.583020461927102,16.813014832190543,2.8389057740887766,1.6070776217971852,3.118986160230963,7.862148332731866,5.080150090220137,4.302203255142548,4.457610220137134,5.55601847347528,3.9337540923854206,1.620213154095994,2.677156492241068,0.04845723565499819,0.002447491880187658,0.5031996210754239
69,-11657.151135734071,-28.83286098642659,17.348824709141272,16.486513961218836,15.896434903047094,2.819783933518005,1.6117124376731304,3.132356426592798,12.14371894736842,10.538627119113574,10.035610969529086,4.367089141274238,5.632049002770083,4.060477368421053,1.8787984210526314,2.1215242936288083,0.01296675900277008,5.54016620498615e-05,0.4847721578947368
70,-11731.843287858115,-47.88296710777627,19.556438540245566,16.938983560709413,19.445768281036834,2.816075266030014,1.6110351773533425,3.127266828103683,8.269386364256482,7.82244122100955,6.051868376534788,4.628306036834926,5.295772476125512,3.572115607094134,1.7233855661664392,2.3612118281036834,0.024233287858117323,4.433833560709413e-05,0.4556442639836289
71,-11723.014684343432,-44.50656442683081,19.99691654040404,17.785753914141413,20.395121338383838,2.8154134406565654,1.612874678030303,3.126345012626262,8.806446117424244,9.476370246212122,7.350897348484848,4.636208200757576,5.719025934343434,4.261444886363637,2.034408737373737,1.9902507512626262,0.018142676767676773,3.0934343434343436e-05,0.4788010896464647
72,-11717.002136602452,-46.36565894016345,20.546512492702863,17.289855458260362,22.90095534150613,2.833136754232341,1.5903091068301225,3.0994358435493288,9.310667659077641,11.715705067133683,9.412272772913017,3.3670743549328668,5.35307332165791,4.475699591360187,2.663364273204904,1.5865278400467018,0.03955866900175131,2.159953298307064e-05,0.4798246841798015
73,-11738.122627865961,-54.9096178015873,18.605854850088186,18.710834656084657,19.27614717813051,2.8259591005291007,1.6027726631393298,3.1594361904761907,8.247249453262787,10.010947574955907,10.06332975308642,5.657383994708995,4.950659162257496,3.596209074074074,1.6367958201058204,2.8731297707231045,0.030741622574955912,0.09580070546737214,0.4012302142857143
74,-11687.077218309858,-44.464882717693655,24.666722535211267,24.035666197183097,20.233978169014087,2.8211860211267608,1.5872349119718308,3.0954763556338025,13.64983894366197,9.22020661971831,9.687404348591548,4.560846883802816,2.7146487852112675,1.5843335915492958,3.2468827288732394,4.6782754225352114,0.015838028169014085,0.025489436619718312,0.49496713556338034
75,-11687.105441527445,-28.282246563007156,17.28096837708831,16.910071599045345,18.09525298329356,2.823056778042959,1.587783830548926,3.102530322195704,8.112657613365156,8.168824284009547,8.499176909307877,4.344832601431981,5.255547279236277,4.130329188544153,2.5001575178997615,1.572615704057279,0.008164677804295943,0.003513126491646778,0.5128491551312649
76,-11714.595091989813,-69.16062597509199,21.395973337107275,18.76415802434192,20.046995839230117,2.812046249646193,1.5951942853099348,3.0973426577979053,11.32686870365129,12.664744073025759,9.402520775544861,4.340486603453156,5.891264990093406,4.862719360317011,2.259188978205491,1.6191341466176052,0.034918765921313336,0.00397056326068497,0.4289577837531843
77,-11695.51178690344,-47.6217306891232,23.643312134665187,20.97087702552719,23.78923388827229,2.791622079171291,1.5859352127266,3.1102688716241214,12.342647391786905,12.42029603773585,9.148430192378838,4.481556185719571,5.491092922678505,3.8743806992230856,1.6954557232704404,2.324942719200888,0.05520236773954865,2.5527192008879026e-05,0.43907380355160935
78,-11703.140184190328,-44.83723375671528,14.591638679969302,18.420244128933223,13.6973423637759,2.838305924788949,1.594527367613201,3.116110399079049,5.799486623177284,5.888024382194935,7.757050706062931,3.9214274520337673,5.438338227168073,4.269188027628549,2.3928648580199545,1.5413633000767457,0.04094934765924789,0.0002455871066768995,0.46259260168841143
79,-11718.086079613995,-43.18514727744271,21.54020904704463,21.97429324487334,21.804424849215923,2.8392779010856453,1.5979037876960194,3.1043848371531966,10.529813075995174,12.849530084439081,12.934466755126659,3.3529850542822683,5.647225814234017,4.557282038600723,2.1876829071170083,2.292844487334138,0.042127864897466824,0.018139927623642943,0.4368756936067551
80,-11709.389898516783,-40.289126083528494,19.91009523809524,22.508084699453555,17.05823637782982,2.812700382513661,1.601661444184231,3.1109676346604216,10.227227142857144,5.789078337236534,8.469890694769711,4.959071756440281,5.54426418423107,4.451078360655737,1.998814886807182,2.093463099141296,0.043370804059328645,0.0688040593286495,0.4382514285714287
81,-11689.04763485477,-35.975237674273856,20.138901037344397,17.06384045643154,22.304880912863073,2.841456161825726,1.589142925311203,3.102965580912863,8.514157738589214,10.635831804979253,8.658457448132781,5.092516161825727,1.8855373651452283,3.2833777593360995,4.52162143153527,3.582942302904565,0.03710165975103734,0.000516597510373444,0.47799657261410783
82,-11697.801947565542,-43.49901920661672,21.468718851435707,17.882797627965044,22.47744357053683,2.830713583021223,1.5884068039950063,3.113531835205993,10.060783632958803,10.88560520599251,8.166055518102372,4.274547528089888,3.7037217103620477,1.689212509363296,3.7244329463171044,4.924487328339576,0.02469538077403246,0.003131086142322097,0.49197555181023717
83,-11699.309204771374,-62.964112802584495,16.372722962226643,17.967895725646123,16.731156560636183,2.832405874751491,1.6009745129224648,3.119649035785288,5.118334522862823,8.749979473161032,9.828071262425448,4.766698250497019,4.345528827037772,2.823519294234593,3.996236729622267,3.3616918489065606,0.02831709741550696,0.004921471172962226,0.44037379721669984
84,-11673.697172413793,-53.4841687810345,16.455838103448276,18.525324137931033,20.446949482758622,2.8030598620689657,1.5889269310344827,3.106273258620689,4.7416941034482765,8.286741465517242,10.258020810344828,5.909229655172413,3.552421431034483,1.5527942413793103,3.7431258275862067,4.463894344827586,0.05918793103448276,0.07641551724137931,0.4694445948275862
85,-11710.545493421052,-40.955464407236846,20.287742269736842,20.628852796052634,21.88625427631579,2.7961342105263154,1.5944619243421052,3.1161215624999996,9.670410937500002,10.008831825657895,10.033640378289473,4.58653447368421,5.364487302631578,3.7073413815789475,2.257812763157895,2.11801021381579,0.05668256578947367,0.03910690789473684,0.4866450148026316
86,-11703.876913827655,-43.457152797024044,17.85961152304609,15.114494889779559,18.705363426853708,2.845118987975952,1.6151977454909818,3.161864879759519,6.554748677354709,8.94184002004008,7.7838401102204395,4.570897885771543,5.9021897895791575,4.337648406813628,2.174620991983968,1.7715112124248498,0.00118436873747495,1.503006012024048e-05,0.4552024739478958
87,-11736.238884664132,-56.972290773130545,20.631602534854245,17.10614486692015,23.96945145754119,2.7671776932826364,1.5759747211660329,3.064621520912548,13.552771996197718,14.55464536121673,12.50283989860583,2.8816170785804816,1.5465703295310518,3.0106086185044365,4.64681669201521,5.757789163498099,0.00027629911280101395,0.047437262357414446,0.3818191051964512
88,-11712.558700787402,-56.81658732467192,25.48223622047244,22.13788917322835,24.595288582677163,2.7725726968503936,1.5836620538057744,3.0729807874015744,13.913225439632546,15.349584146981627,11.807120511811025,4.384740301837271,1.483057788713911,3.2291747769028873,4.304824809711286,4.147838366141732,0.00024409448818897642,0.1246043307086614,0.4452563904199475
89,-11716.756081835092,-45.72877266367018,17.84063645381277,20.155732052076875,19.155266584004956,2.8002820706757596,1.5965124178549286,3.113794209547427,5.318137799132052,8.575189522628643,11.738045908245505,4.825048921264725,5.71875699318041,4.325460836949783,2.5014428270303783,1.616433316800992,0.05799256044637323,0.07753998760074393,0.4539872467451953
90,-11598.287478260869,-15.724714521739129,22.85066173913043,21.910460869565213,23.420836521739126,2.837462956521739,1.583523826086957,3.0658759130434783,13.618227130434784,13.903185739130437,12.685166173913046,5.372744260869565,5.441031826086957,3.9957914782608692,3.7354413913043483,1.6943578260869565,0.03123478260869566,0.018904347826086954,0.6526103999999999
91,-11700.70970792768,-48.36323834561892,19.38121849791377,19.35888497913769,19.939318080667594,2.780756543810848,1.5755891515994438,3.0756889151599447,9.405204513212796,11.389936175243394,10.107107941585534,2.8699992350486787,1.5448669471488177,3.0617515368567463,4.744504937413073,5.476467774687066,0.00021488178025034767,0.04301738525730182,0.4533750883171071
92,-11708.316553911203,-42.81592655190275,23.502620613107823,22.152383192389006,25.957355179704017,2.8233805919661727,1.5944725898520087,3.0955631923890063,12.508709830866808,16.23185483086681,14.639686099365749,4.29594820295983,5.657553604651163,4.573889482029598,2.481775856236786,1.6003459090909091,0.050253699788583524,0.006170190274841439,0.450296198731501
93,-11688.070490605429,-55.534546138830905,15.3330753131524,18.627141753653447,15.86292223382046,2.7983903705636743,1.5991218789144053,3.120450574112735,4.764690892484342,6.539680777661795,7.853173543841336,4.707693783924844,5.4715004540709815,3.915542807933194,2.2245630793319413,1.6963620876826724,0.05370668058455117,1.5657620041753654e-05,0.45118950417536535
94,-11712.32770359501,-50.44906524064563,20.697312252384446,17.47593257520176,25.00125143066765,2.8006210564930303,1.590880432868672,3.116341643433602,8.74048126192223,13.291158716067498,12.53351268525312,4.6360276155539255,5.5640101980924435,3.9467196918561993,1.633871562729274,2.4004838884812916,0.056671313279530455,4.108584005869406e-05,0.45562979823917826
95,-11647.547614213197,-49.00448104035533,25.879476903553304,22.681403299492388,27.52157614213198,2.821657741116751,1.5934924619289341,3.0924371065989846,16.09219076142132,16.713006218274113,14.36508266497462,4.58601769035533,5.954427741116752,4.781883248730964,1.8378684010152284,2.063587081218274,0.045426395939086296,3.045685279187817e-05,0.47237275888324876
96,-11691.402063732929,-49.01570502261002,18.962265857359633,20.02368361153263,14.582589833080425,2.7960154931714722,1.581515493171472,3.074059362670713,8.578505584218513,7.283068270106221,5.055271851289834,3.844924021244309,1.5277759484066766,3.244865857359636,4.028086828528073,3.8164047496206375,0.0003080424886191199,0.002573596358118361,0.4323147086494689
97,-11697.551707670043,-55.19277465123011,25.70306729377713,23.75666099855282,23.351790303907382,2.796595991316932,1.5891123661360345,3.1136784804630975,14.271606476121564,13.521207069464547,10.08820544862518,4.424947908827786,6.249991483357452,6.151778950795948,2.1612286830680176,1.930957054992764,0.05975397973950796,0.0008125904486251809,0.41483250361794494
98,-11709.903830845771,-56.05429964614428,20.344940236318408,20.89149203980099,18.59997854477612,2.824939676616916,1.5908990236318405,3.1093722512437814,7.855310018656717,7.595768563432835,7.930467226368159,5.04165722636816,5.899683843283582,4.6174886007462685,2.2543699813432836,1.9038983644278606,0.04766666666666666,0.0544950248756219,0.45815487686567163
99,-11668.870778383738,-56.250186888547354,26.180814328210214,26.945862667327713,23.2985743182945,2.781103668815072,1.6053342835894893,3.1258990877540898,17.813912434308378,13.44760543877045,14.330050332176498,4.9689368468021815,3.647282969757065,1.5739686564204265,4.099590837878036,4.818599261279127,0.05508031730292515,0.002065939514129897,0.45367942588001986
100,-11692.937986870898,-23.278000516411375,18.3203181619256,17.23957899343545,18.36677483588622,2.8117545295404813,1.603703873085339,3.1335549015317286,8.789088074398249,8.829110087527352,7.599814551422319,4.717489868708971,5.811529737417942,4.512205448577681,2.398645317286652,1.5725191028446388,0.013358862144420133,0.010641137855579871,0.49887231291028444
101,-11682.622347560975,-20.48417576097561,22.835684603658535,22.854725304878045,20.82954618902439,2.8532621189024394,1.5945420274390243,3.1188040396341465,17.497208475609757,15.390945868902438,16.19528774390244,4.326157256097561,3.6902869969512193,1.6236969817073168,4.732435,3.2519787195121945,0.021591463414634145,0.02553963414634146,0.5054373948170731
102,-11651.389594594593,-27.471856798648652,20.331017567567567,20.561537162162164,21.284756756756757,2.7974745270270276,1.5960939864864865,3.0970834459459455,8.965652162162163,10.076334324324325,10.308703648648647,4.67414527027027,4.9227695945945955,3.1896412162162164,2.5947312162162164,2.4465112837837837,0.06482432432432432,0.0011486486486486486,0.5382388783783785
103,-11678.256631130063,-25.370961285714287,19.787115138592753,18.57081130063966,20.59502878464819,2.8142434754797443,1.6061864818763325,3.1395628997867804,11.531735479744135,13.405411044776121,11.51268791044776,4.649346226012793,5.197488550106609,3.6840608528784657,2.7951831130063964,2.3168006609808103,0.03393390191897656,0.0004072494669509595,0.5378807526652453
104,-11688.308004535147,-48.318947944444446,19.690231065759637,16.716935714285714,21.335756916099772,2.812789240362812,1.6062164512471655,3.1235001700680276,14.20555902494331,16.800852573696144,17.2166120861678,4.656488820861679,6.201921598639455,5.01147410430839,2.208909002267574,1.683983492063492,0.018640589569161006,1.3605442176870749e-05,0.5291549784580499
105,-11670.611134969327,-43.350464327944785,24.698485429447857,24.466456595092023,20.639780981595095,2.8343840030674845,1.593063266871166,3.1157082055214724,13.842874662576687,9.791861595092024,10.192052070552148,4.903068312883436,5.7749090337423326,4.2355524386503065,2.4196707208588957,1.631611411042945,0.03669325153374233,0.07650153374233128,0.4623109984662577
106,-11699.228166666668,-35.09826512708333,26.161087152777778,25.04888965277778,28.410101805555556,2.842123125,1.6033963402777778,3.1383329930555557,24.870856944444444,27.70210652777778,26.621300868055556,4.2390566736111115,3.7332725625,1.6481245624999998,3.521701326388889,3.8465740208333337,0.024779166666666668,0.020843749999999998,0.4915165895833333
107,-11675.805799256505,-37.258284769516735,17.273130111524164,19.07192416356877,16.696941263940523,2.825527732342007,1.5876599256505572,3.089768921933085,5.97089092936803,6.570167434944238,8.719537211895911,5.210386022304833,3.7967317472118958,1.8379462825278814,3.701525390334573,4.4712938661710036,0.034397769516728634,0.0023643122676579925,0.5142593122676579
108,-11667.195578512397,-30.51267935144628,19.615656818181822,18.53715309917355,19.39693636363636,2.824506652892562,1.59107229338843,3.1029937396694214,9.153062086776862,9.804238698347106,7.610507747933884,4.381279008264462,5.194795,3.5587793801652894,1.8325779545454548,2.2587509297520665,0.04860330578512398,0.003669421487603306,0.4140495351239669
109,-11702.79494880546,-64.37812969624574,20.13424584755404,18.22295244596132,20.563853924914675,2.824654141069397,1.586957906712173,3.0961174744027304,9.373717201365187,9.941160864618885,8.14670944254835,4.451733378839591,3.3164679749715584,4.678547997724687,2.8971021274175204,1.7138366894197952,0.012332195676905579,0.00010693970420932878,0.43268655517633675
110,-11707.760560471977,-34.72392644764012,18.489187168141594,19.607468584070798,15.771419469026549,2.8296097935103246,1.5957922418879056,3.100317374631269,9.884236828908554,6.866864380530975,5.266921327433629,4.563550044247787,5.417704528023599,4.224529970501475,2.3932947345132742,2.0417213569321535,0.05063274336283186,0.0032551622418879054,0.4850521592920355
111,-11689.122264600714,-51.06113665017879,16.750302145411204,17.95820876042908,16.450769845053635,2.8016890047675806,1.5932427532777114,3.0909074195470803,5.187719797377831,6.849664117997616,5.708988188319427,5.986042401668653,3.629529022646007,1.5575739213349225,4.973147997616211,4.169094982121574,0.06335876042908224,0.00010071513706793804,0.46140535280095357
112,-11645.804967320262,-38.14114413071895,17.927586928104574,19.201718300653596,19.58470718954249,2.8299509803921565,1.592918300653595,3.097791045751634,6.25604797385621,7.963390392156862,8.255463594771241,4.777293137254903,6.4044325490196075,4.687635032679739,2.235727320261438,3.4244928104575165,0.03793464052287582,0.025117647058823526,0.5230561764705882
113,-11618.661891891892,-21.986673609459455,23.15951554054054,22.658733108108105,24.694827027027024,2.8007099999999996,1.5903879054054053,3.0833658108108106,11.875195675675679,14.625468513513514,14.136991216216218,5.309896621621621,3.6170543918918923,1.5762372297297296,4.40927608108108,4.375810337837838,0.060770270270270266,0.020594594594594593,0.5935662162162163
114,-11723.602236248871,-75.84757655770964,24.066052119026146,20.979032732191165,23.596061496844005,2.8212504238052305,1.589801650135257,3.1173261181244363,13.845187276825968,15.425874783588819,12.127750428313796,4.556485509467989,3.9402643011722267,5.413459693417493,2.388776992786294,1.7091077051397656,0.028677637511271416,0.06988728584310189,0.452869408025248
115,-11681.166896551726,-37.71786132950192,19.701753639846743,17.349814942528734,20.45790153256705,2.8233032567049805,1.5975891187739464,3.0988295785440614,8.622465363984674,9.712186360153254,8.09800601532567,4.790205210727969,5.598210383141764,4.229010459770115,2.322848697318008,1.741299540229885,0.023283524904214564,5.747126436781609e-05,0.5305602145593871
116,-11712.53295264624,-56.526690793871865,23.00477548746518,19.710737604456824,23.573657520891363,2.8381138300835653,1.5962957103064066,3.1052555988857944,10.88606012534819,13.312182158774371,10.770147228412258,4.226313189415042,5.95194348189415,4.255888927576602,2.924796504178273,1.5645670612813372,0.04693314763231197,0.00530640668523677,0.48549843732590536
117,-11683.783626126125,-40.05826310619371,18.55193063063063,16.397245270270272,18.903440990990987,2.8265103378378376,1.5889129279279277,3.115150011261261,7.2180751689189195,8.216554966216215,6.946153614864866,4.54332724099099,3.7855578040540543,1.6567575900900904,4.483305427927927,3.053413749999999,0.00018918918918918917,0.002013513513513513,0.46446523536036033
118,-11678.999208294063,-53.10874619227144,23.170993967954754,22.862197078228085,19.753191800188503,2.7504583223374177,1.5786165598491992,3.1046888501413754,11.261907926484449,9.740757709707824,9.898813609802074,4.879999962299717,7.63665205466541,5.611434665409989,5.3876448539114055,3.5067710933082004,0.0003930254476908577,0.0007681432610744582,0.44768533364750235
119,-11651.977100591717,-38.42138064970413,20.17362928994083,18.00115769230769,22.54351479289941,2.7945074852071006,1.5827587869822486,3.089471952662722,8.61786227810651,11.48074727810651,9.70529198224852,3.7450782840236685,1.5728741715976329,2.991301272189349,4.334277721893491,5.072190059171597,0.0006745562130177515,0.01189940828402367,0.5229923668639053
120,-11573.662465753425,-18.47926980821918,27.25916712328767,27.408093150684927,26.25950821917808,2.8007349315068493,1.5847100000000003,3.062798356164384,17.378771232876712,16.655006164383558,16.205636849315066,5.061626301369864,3.645512328767124,1.5944539726027398,4.11661397260274,4.762589589041096,0.05965753424657535,0.003767123287671233,0.6306475068493149
121,-11671.906825775657,-32.77271623150359,21.991457040572794,23.026405011933175,20.54394367541766,2.8015339379474944,1.5906171599045345,3.1089278042959427,13.850727756563245,11.466763269689737,11.024469427207636,5.086037231503579,3.6472961575179,1.5802741766109787,4.1522051789976135,4.878123651551312,0.0598854415274463,0.0019116945107398571,0.5193535489260144
122,-11685.383815620999,-54.46197827144687,24.941414340588985,21.717035467349554,24.240287451984635,2.843797528809219,1.5903022407170293,3.1186532010243275,13.94131745198464,14.722153469910369,12.186201331626117,4.763397042253521,3.553489487836107,1.588215224071703,4.853994020486555,3.4309143533930855,0.029320102432778494,0.07396670934699102,0.48026667733674777
123,-11687.908833231517,-49.6851497671961,23.83617611484423,21.69963506414172,20.812913866829565,2.828641459987783,1.6003909040928526,3.112127892486255,12.59200249236408,9.237386799022602,6.041707122785584,4.87820529627367,5.490405797189982,3.6759573488087955,2.5268608979841183,1.6755443860720831,0.0418191814294441,1.0384850335980453e-05,0.4543005314599879
124,-11679.465139911636,-43.35592156848306,17.2813087628866,19.01298438880707,21.12064351988218,2.8051679013254787,1.597677378497791,3.132737142857143,5.715900088365243,10.452425736377025,11.407746892488953,4.835752290132548,5.860422989690722,4.5517880559646535,1.6775887187039762,2.3445558100147275,0.03953755522827687,8.836524300441826e-06,0.4409043659793815
125,-11662.556486486486,-34.570170432432434,16.543094208494207,18.117450193050193,18.6965666023166,2.829519227799228,1.5966079343629345,3.1265020463320465,6.79742359073359,7.512166467181467,6.3519754054054065,5.41013971042471,5.420915675675676,3.6439218146718146,2.0376508494208494,3.4993193243243246,0.046424710424710434,0.005193050193050194,0.4998557915057915
126,-11664.819266943292,-35.257746751659745,24.853617012448137,27.852033748271094,24.03128485477178,2.7982030290456423,1.5932077455048408,3.1138824066390036,14.376247925311203,15.698873651452285,18.40526721991701,5.190868533886583,3.608656645919779,1.5565550691562935,4.032050719225451,4.47186715767635,0.06049239280774549,0.008228907330567083,0.45206093637621025
127,-11685.509801907556,-44.79192466617754,22.49591239911959,20.43834299339692,19.737622303741745,2.7970678136463687,1.5965373294203962,3.114454387380778,9.031049501100513,8.355684284666177,5.106399471753485,4.617347358767425,3.663274592809978,1.5479130887747614,4.172208429933969,4.697394607483492,0.056215700660308156,0.002892883345561262,0.43494761555392514
