0,currentEnergy,Binding Energy,dist_activesite,dist_activesite2,dist_activesite3,dist_Ser_to_His,dist_His_Asp,dist_His_Asp2,dist_Ser133,dist_Ser133_2,dist_Ser133_3,dist_Ser133_to_His,dist_His_Glu,dist_His_Glu2,sasaSer,sasaSer133,sasaLig
1,-11518.217037037039,-9.652191079074074,21.69848703703704,21.821025925925923,21.61128148148148,2.826546851851852,1.578206851851852,3.0423074074074075,10.670792592592594,11.15327574074074,10.716058148148148,4.3765,2.1512003703703706,2.848345,0.010666666666666668,0.008814814814814817,0.6495327407407406
2,-11530.323478260869,-9.143522833478263,24.33581014492754,24.322402898550724,23.62138115942029,2.8217276811594196,1.5887846376811594,3.06082231884058,13.117999565217392,12.614354637681158,12.278808260869564,4.648063333333335,1.6471289855072464,2.397609130434782,0.012376811594202898,0.010420289855072465,0.6354536376811594
3,-11510.93366666667,-5.807877453333333,27.516750000000002,27.436721666666664,27.285394999999998,2.825994833333334,1.5856803333333331,3.049309666666667,16.966777666666665,16.9657665,16.597655,4.6252679999999975,2.2538586666666665,3.0322180000000003,0.010416666666666666,0.0011166666666666666,0.6963444
4,-11505.16262295082,-8.935262590163934,21.060596721311477,21.37650819672131,21.225960655737705,2.8257770491803287,1.5937929508196722,3.06275131147541,9.913640655737705,10.558962131147538,10.404224918032785,4.6803098360655735,2.3706385245901647,2.68642131147541,0.01275409836065574,0.0010163934426229509,0.6683876885245901
5,-11494.807272727274,-8.044112568181818,23.1163,23.48221818181818,22.240454545454547,2.8276643181818186,1.5807054545454546,3.0294388636363636,11.304310909090908,11.016552045454544,10.726665681818181,4.531172727272727,2.2793906818181813,1.9440538636363633,0.00731818181818182,0.056863636363636366,0.7235202272727272
6,-11499.027826086956,-28.34792061594203,20.008940579710142,20.553210144927533,17.356901449275362,2.8196642028985512,1.5764514492753625,3.032858115942029,9.542868405797101,8.538344057971015,6.8070997101449295,3.698096231884058,1.691995797101449,2.803619855072464,0.0043623188405797104,0.002405797101449275,0.579232188405797
7,-11433.278064516131,-16.87205762903226,21.28573225806452,21.329054838709684,21.044522580645165,2.8291277419354843,1.5795145161290325,2.9864977419354837,9.518683225806452,10.28480451612903,9.614085806451614,4.7195893548387104,1.6572029032258067,2.5862148387096773,0.010354838709677421,0.026903225806451617,0.6692026129032259
8,-11417.718571428572,-4.346269321428571,24.985775,24.33280357142857,26.323689285714284,2.835218928571429,1.5795032142857142,2.9693682142857143,13.672301785714284,15.312447142857144,14.579422142857142,4.368064642857142,3.0087924999999998,2.503997857142857,0.017464285714285717,0.009142857142857144,0.7584725
9,-11529.198840579707,-6.059984836231884,24.534949275362322,24.133117391304346,24.73691014492754,2.8184117391304344,1.5813753623188405,3.071682608695652,14.333439710144928,14.767474057971015,14.379188985507247,4.417338550724637,2.421942608695653,1.8344555072463766,0.005492753623188406,0.001565217391304348,0.6652586231884058
10,-11535.457777777783,-27.27334252962962,20.222518518518513,18.708479629629636,22.600016666666676,2.8274207407407403,1.5831420370370373,3.0657016666666665,9.38918351851852,11.612610925925923,9.882623888888888,4.452675925925924,1.818840555555556,2.6022038888888894,0.008074074074074076,0.005240740740740741,0.6085516666666666
11,-11518.081153846153,-22.953814923076916,21.618128846153844,21.455763461538464,19.67265576923077,2.820716153846153,1.582303653846154,3.0234900000000007,11.484395961538464,11.233429230769229,9.692264615384616,4.285042884615384,2.174961346153846,2.438986538461539,0.006346153846153845,0.02021153846153846,0.6331432115384614
12,-11467.063137254903,-4.881444058823529,27.392945098039213,26.39385882352941,27.637721568627455,2.8211970588235284,1.5738364705882353,3.015012941176471,16.254770588235296,16.944144313725488,15.847116666666668,4.767595882352941,3.2771903921568626,2.9854000000000003,0.008686274509803922,0.07592156862745097,0.7474646078431374
13,-11504.120363636366,-10.75034337090909,23.31184727272727,22.367763636363634,23.86098363636364,2.8250652727272723,1.5836229090909093,3.0441983636363634,11.92092018181818,12.829251818181817,11.86389618181818,4.462394,3.4942994545454553,3.934022,0.008818181818181819,0.0024363636363636367,0.6714855272727275
14,-11569.119384615386,-3.8593727192307683,24.112745384615383,24.596753846153845,25.215696923076926,2.8281848461538464,1.5853702307692308,3.070614307692308,13.39668176923077,14.706181615384615,15.334275153846153,4.489658384615385,1.6670092307692308,2.3108566153846155,0.008630769230769232,0.0003846153846153846,0.6687520461538461
15,-11522.542950819672,-14.319777803278688,23.80485245901639,23.00099180327869,23.47843606557377,2.829022622950819,1.5867308196721315,3.053568196721312,12.608566557377047,12.733782459016394,11.664035081967214,4.229941639344262,1.9447422950819673,2.2137524590163937,0.008262295081967214,0.010180327868852462,0.6643709344262295
16,-11533.997599999999,-20.87413472133333,23.146132,21.724806666666666,24.316746666666667,2.8210225333333336,1.5781334666666667,3.047444,11.938933200000001,13.443954533333335,12.390416533333333,4.513114399999999,3.3734589333333336,3.511960533333333,0.007173333333333334,0.0010133333333333335,0.6539149866666666
17,-11511.374482758622,-28.9265119137931,20.93870344827586,20.673310344827588,21.855318965517238,2.8178050000000003,1.5793144827586207,3.0456981034482755,10.16436672413793,11.994584137931037,11.426553103448276,4.491340344827586,2.3005641379310338,2.2861672413793097,0.006637931034482758,0.03510344827586207,0.5846024655172414
18,-11527.824927536232,-8.594018330434784,24.370082608695647,23.74208840579711,25.677213043478265,2.8266118840579706,1.5875336231884054,3.0482697101449276,15.87684072463768,17.0726215942029,16.864977246376817,4.477588260869567,2.395279855072463,1.8271657971014494,0.009681159420289857,0.0008840579710144927,0.7000553913043479
19,-11541.051578947368,-19.6883203,22.58887763157895,21.585648684210526,22.816914473684207,2.8349197368421053,1.5857926315789475,3.0247632894736842,10.99337644736842,11.458526184210525,10.34483052631579,4.684152763157895,2.0568971052631575,2.8086860526315793,0.014802631578947366,0.0008421052631578948,0.618630052631579
20,-11526.779759036144,-9.231160225301204,26.136638554216866,25.42466385542168,26.372206024096382,2.8226538554216867,1.5830907228915665,3.0541948192771087,14.463968313253012,15.127476987951807,14.352434096385544,4.162131686746987,3.575518674698794,3.2700360240963855,0.008024096385542169,0.012518072289156622,0.6833886144578314
21,-11515.572075471697,-19.557416301886793,20.913524528301892,20.86944716981132,22.813143396226412,2.8182756603773584,1.5844569811320757,3.0352939622641517,9.215804716981133,11.637571509433965,12.557360566037737,3.9834392452830194,2.092238679245283,2.193281698113207,0.007169811320754717,0.011113207547169811,0.6340497169811322
22,-11525.688048780488,-3.168732843902439,26.40295853658537,26.266214634146337,28.03543170731707,2.8213663414634147,1.578394268292683,3.039420487804878,15.842278658536584,17.745564146341465,17.4163593902439,3.909905487804879,2.0583320731707317,3.127839268292683,0.007378048780487806,0.008560975609756096,0.7182559268292683
23,-11472.656774193549,-2.8974031725806446,25.574648387096776,24.711538709677416,25.116087096774194,2.826058548387096,1.5850714516129034,3.0338358064516133,15.081442580645161,14.919358870967745,14.045065806451612,4.5010595161290325,4.8571220967741935,6.102527419354839,0.018951612903225803,0.0005483870967741936,0.749091935483871
24,-11516.603384615384,-2.887608493846154,26.86714923076923,26.906989230769227,28.26682769230769,2.8256015384615383,1.5862020000000001,3.0522898461538457,15.41654,17.125152153846155,17.04006369230769,3.9315432307692304,1.9904726153846153,3.036117692307692,0.010015384615384617,0.008553846153846155,0.7499421076923076
25,-11545.3496,-17.791563165333336,22.05714666666667,20.696032,22.649026666666664,2.8174864000000004,1.5854790666666667,3.0540037333333334,10.755968266666665,11.775905600000002,10.3326308,3.630372266666666,2.2909444,2.6698044,0.0051066666666666665,0.003946666666666667,0.6017295333333333
26,-11543.166153846152,-2.379189627472528,30.913830769230767,30.468859340659343,31.121746153846154,2.828048021978022,1.5841063736263734,3.0698623076923073,19.85061098901099,20.188257802197803,19.484092307692308,4.571211318681319,1.6058464835164836,2.51335989010989,0.007835164835164835,0.07425274725274723,0.7075815934065934
27,-11556.297171717171,-30.013373764646467,23.31587171717171,21.54805151515151,24.882690909090908,2.8355491919191915,1.584936868686869,3.082462525252526,11.542102020202021,13.45770242424242,12.286856262626266,4.954210303030303,2.5117515151515146,3.0256310101010087,0.016141414141414137,0.0031616161616161618,0.5720467575757576
28,-11521.644722222221,-3.8794887763888894,28.963791666666673,28.732883333333334,29.608481944444446,2.8203744444444445,1.5748366666666667,3.0519716666666667,18.630488888888888,19.59161527777778,19.529016666666667,4.506802638888889,2.0496277777777774,2.868485,0.004777777777777778,0.0023611111111111116,0.7268406388888888
29,-11405.900769230766,-13.72577073076923,23.313165384615388,23.065326923076928,23.694023076923074,2.8311896153846154,1.5803126923076927,2.9626115384615384,11.233946153846155,12.165392692307694,11.883089230769231,4.446287307692308,1.9515546153846155,2.934392307692307,0.010346153846153847,0.02426923076923077,0.7287793076923076
30,-11540.496410256412,-9.985240853846154,26.405641025641017,26.74491666666667,27.196001282051277,2.8333391025641026,1.5813773076923074,3.053998076923077,14.855485641025647,15.987046794871794,16.145764102564097,4.160308205128205,2.0293094871794874,2.7190682051282056,0.014769230769230765,0.025525641025641026,0.6830671538461538
31,-11516.883370786518,-2.3054820404494385,30.310751685393257,29.83276179775281,32.08684269662922,2.82346202247191,1.583531797752809,3.0709278651685397,18.918031460674158,20.84875393258427,20.473521348314605,4.382454606741573,2.4260915730337076,1.7503278651685392,0.006629213483146068,0.0015505617977528091,0.7194515617977528
32,-11542.337303370785,-32.95603310449438,21.860357303370787,22.55120786516854,19.24986179775281,2.830469550561798,1.5862119101123597,3.071116404494382,10.202391011235955,7.4532737078651685,8.273866067415732,5.084694719101123,1.8814073033707868,2.9618122471910113,0.021438202247191007,0.015089887640449438,0.5746678764044943
33,-11399.73777777778,-7.671436066666666,24.822462962962963,24.894596296296296,23.94725185185185,2.8225111111111114,1.5765966666666666,2.975954814814815,13.440821851851853,13.431065925925926,12.843758888888889,3.9870274074074077,1.796138888888889,2.487982962962963,0.00974074074074074,0.011185185185185185,0.7668602962962964
34,-11518.972615384617,-7.463377066153846,24.10098923076923,23.60451846153846,23.504292307692307,2.829218769230769,1.579225230769231,3.044433692307692,13.574435384615384,13.07122123076923,12.14670969230769,4.648004923076924,2.453337846153846,3.1848483076923078,0.010953846153846154,0.0036153846153846154,0.6971079692307692
35,-11441.80864864865,-9.533886324324325,25.735102702702704,25.505710810810807,25.359391891891892,2.8330491891891896,1.581003243243243,3.0040764864864866,14.36816972972973,14.22723945945946,13.331368378378377,4.095567027027027,4.274557567567567,4.350958108108107,0.012351351351351353,0.04248648648648649,0.751698
36,-11543.076266666669,-20.802639198666665,21.660261333333327,20.653790666666666,21.385486666666672,2.8249513333333334,1.5834982666666666,3.0567210666666664,11.027226000000002,11.689832933333335,10.536904666666668,4.4121216,2.0168492,2.336253066666667,0.009400000000000002,0.00042666666666666667,0.6141681866666665
37,-11589.924736842104,-43.932997491228065,23.91204298245614,21.181943859649117,24.35094035087719,2.7974459649122805,1.5803171052631577,3.071867280701754,12.763252982456137,14.600930701754384,12.690449561403508,3.997128245614035,2.4914228070175435,1.8647571052631577,0.00362280701754386,0.035754385964912275,0.4968859912280702
38,-11480.623921568627,-7.522414725490196,24.46152352941177,23.75489215686275,25.09362352941176,2.8268790196078437,1.58017,3.0466200000000003,14.022793137254903,15.042319803921568,14.041508627450982,4.46035274509804,1.8263492156862746,2.4963039215686273,0.009784313725490197,0.0008235294117647059,0.6646910588235296
39,-11512.980399999999,-28.10263634,22.520501999999997,20.963043999999996,22.606936,2.8007747999999992,1.5775561999999999,3.0426081999999997,11.8173582,11.804603400000001,9.977053799999998,4.9749674,6.2158337999999995,6.257273000000001,0.0016199999999999997,0.00046,0.59796324
40,-11494.216470588235,-7.645488230882354,26.59477205882353,26.249370588235294,26.26446323529412,2.8280517647058816,1.5827282352941177,3.0626913235294118,15.202680588235292,15.241471617647058,14.714402647058822,3.8143720588235293,1.5962814705882356,3.727493088235294,0.009308823529411767,0.009705882352941177,0.695134073529412
41,-11459.400454545455,-7.447639772727272,24.83524545454545,24.88797954545454,24.423000000000002,2.828634545454545,1.586800909090909,3.0153197727272727,13.562529318181822,13.500627045454543,13.227506818181821,4.742945000000001,2.889355909090909,3.4132670454545457,0.019954545454545457,0.002272727272727273,0.7415357500000002
42,-11518.811923076923,-19.02971578846154,19.715598076923076,20.408753846153846,21.314615384615383,2.8345611538461535,1.5867763461538462,3.047197115384616,8.59654173076923,10.739049615384614,10.26865,4.825979423076922,1.7774100000000002,2.3034048076923077,0.014673076923076924,0.020288461538461536,0.5667822692307694
43,-11478.191555555557,-14.806322666666668,20.908291111111115,20.152933333333333,21.055042222222216,2.827849333333333,1.581584888888889,3.0281975555555554,9.928504222222223,10.877411555555556,9.929028222222222,4.3008646666666674,2.2889793333333337,3.1572668888888895,0.0094,0.012244444444444445,0.6676554666666666
44,-11498.00235294118,-4.767309509803921,26.807252941176472,26.191370588235294,27.004949019607846,2.826722745098039,1.582440392156863,3.0174725490196077,15.32048980392157,15.854618039215685,15.042515882352944,4.227803529411765,1.695992156862745,2.4085750980392158,0.01003921568627451,0.0033725490196078434,0.7417332745098039
45,-11467.495,-14.364283194444445,22.29683888888889,22.314655555555554,21.722288888888887,2.824901388888889,1.5770938888888892,2.9942405555555553,9.868019444444444,10.2613275,9.860135,3.540097222222222,2.8146672222222224,1.6921466666666667,0.004944444444444445,0.04075,0.6523361944444445
46,-11548.406739130436,-7.9114606739130435,25.945558695652164,25.040591304347828,27.691077173913037,2.8239645652173917,1.5890419565217386,3.0841171739130435,14.659555543478257,17.05694391304348,16.56613434782609,4.544708260869567,2.852103804347826,3.688179130434782,0.004869565217391305,0.07639130434782605,0.6914789565217392
47,-11527.350357142856,-17.48167823214286,22.275814285714286,22.47754464285714,22.34305,2.828983928571428,1.5871894642857143,3.0508208928571428,10.815165357142856,10.98206,11.218541071428572,4.322395892857143,2.336301785714286,2.675893392857143,0.011000000000000001,0.02575,0.6416410357142858
48,-11532.773050847463,-0.7531627686440677,31.83396610169492,31.178427118644066,32.791661016949156,2.834964661016949,1.5824276271186442,3.065632288135594,20.155295762711866,21.235609322033895,20.72774406779661,5.065301355932204,5.707385932203388,5.870071610169493,0.011584745762711865,0.09592372881355932,0.7650850084745764
49,-11520.756176470588,-8.48945146814706,27.21241176470588,26.130004411764705,27.462552941176476,2.823512794117647,1.5864945588235295,3.0526929411764705,15.73057,16.125864705882357,15.403088382352943,4.131314411764706,1.636035,3.3796476470588237,0.006955882352941177,0.005955882352941177,0.6839130147058824
50,-11515.209122807017,-15.309153333333335,22.36106666666667,21.323278947368422,22.463863157894735,2.842631578947369,1.5818047368421053,3.0272331578947367,10.657624736842108,11.281675263157895,10.057774561403509,4.320202280701754,3.2482768421052626,3.2659873684210528,0.011666666666666667,0.008192982456140351,0.6276029473684211
51,-11494.091111111109,-5.611025848148148,25.705785185185185,25.351459259259258,25.97768703703704,2.8371222222222223,1.5836650000000003,3.03887074074074,14.437427407407407,15.077494074074073,14.820217037037036,4.376423703703704,2.509337777777778,1.793505,0.01661111111111111,0.003037037037037038,0.7410934629629631
52,-11537.525569620251,-4.188542797468355,27.33484936708861,26.78596835443038,27.6621164556962,2.8183565822784815,1.5837784810126583,3.0630677215189874,15.867162025316455,16.36957873417722,15.81912379746836,3.9291929113924047,2.28273164556962,3.113928987341772,0.005063291139240506,0.00818987341772152,0.7055327215189873
53,-11534.403855421688,-3.779705849397591,26.517365060240962,26.191420481927707,27.081010843373495,2.8143306024096386,1.5785845783132528,3.062571445783133,15.435996144578311,16.306802168674697,16.013012289156627,4.557224939759036,2.369804096385542,1.9648628915662654,0.004518072289156627,0.0004939759036144579,0.7168476626506024
54,-11493.055999999999,-17.155469688888886,22.15407333333333,21.26444444444444,23.051771111111112,2.8304964444444445,1.582446444444445,3.0199111111111114,10.479347111111112,12.077376888888885,11.402076444444445,4.214963333333333,2.0617131111111116,2.8475057777777772,0.011755555555555556,0.004377777777777778,0.6383023555555557
55,-11532.59891891892,-3.039963310810811,25.645597297297297,25.206577027027027,27.250364864864867,2.822613243243243,1.5849962162162161,3.0549574324324325,14.09512189189189,16.046488918918918,15.523847432432431,3.7961201351351352,1.5597409459459461,2.6595925675675676,0.007527027027027028,0.005554054054054055,0.7029342162162163
56,-11512.109454545454,-24.387408036363638,24.35163272727273,23.435532727272726,22.396943636363638,2.8285027272727277,1.5867963636363633,3.057661818181818,13.933431272727276,12.750827636363635,11.15995709090909,4.650985636363636,2.4533405454545454,3.2904847272727276,0.019727272727272725,0.0028000000000000004,0.6013327090909091
57,-11529.40911392405,-8.385164999999999,25.47981012658228,24.997212658227845,25.61514683544304,2.8280981012658226,1.5858841772151897,3.058779493670886,14.288671645569613,14.569628101265824,14.020220253164558,4.761589746835443,1.709274050632912,2.3082768354430376,0.012,0.0008101265822784811,0.6541020632911393
58,-11542.97219512195,-18.38031552804878,24.99220243902439,25.353554878048783,25.370697560975607,2.8152643902439025,1.5765306097560976,3.052686341463415,13.12072036585366,12.70950963414634,13.520079390243902,3.592025731707317,1.5894467073170728,2.7533758536585373,0.00275609756097561,0.13318292682926827,0.6097175
59,-11448.32731707317,-0.007024658536585431,29.06000243902439,28.001087804878047,30.702565853658538,2.8262836585365854,1.5856773170731708,3.0139207317073167,18.009521951219508,19.745554390243903,19.10810512195122,4.758102439024389,3.238207804878049,4.093655121951219,0.011975609756097561,0.005121951219512195,0.7596491707317073
60,-11535.43945945946,-3.579668972972973,23.726374324324322,22.820164864864864,24.624133783783787,2.826100945945946,1.5820222972972975,3.049842972972973,13.517674729729729,14.451278783783781,13.492244189189188,4.550466621621621,2.073134189189189,2.774468243243243,0.007391891891891894,0.0006351351351351352,0.693294364864865
61,-11589.40980769231,-48.75754190384615,20.917089423076924,21.14025,19.332910576923076,2.829603653846154,1.5881309615384613,3.068727980769231,9.380361442307693,8.474450288461538,6.753319903846154,4.359880576923077,1.7084010576923074,2.6462341346153844,0.01969230769230769,0.004807692307692306,0.4552536057692308
62,-11543.613076923077,-6.278367996153847,25.86132564102564,25.55900641025641,27.0937423076923,2.8070901282051284,1.5824317948717948,3.067809230769231,14.393886153846152,15.791476923076925,15.507302692307693,3.8125162820512832,1.7628971794871797,2.8727351282051288,0.0029230769230769236,0.011205128205128204,0.6977887948717949
63,-11520.516078431374,-36.22213588235294,24.129203921568628,22.63627058823529,23.994515686274514,2.821116470588235,1.5798713725490194,3.032252352941177,13.203969019607841,14.463218431372551,12.826553725490193,3.8053837254901954,2.723079803921568,1.8062841176470585,0.00635294117647059,0.006490196078431373,0.590562019607843
64,-11481.612653061222,-6.658601696530612,24.997636734693877,25.224900000000005,25.38198571428571,2.8345081632653066,1.5821846938775508,3.025339795918367,13.54597612244898,14.26563612244898,13.936076938775509,4.731790204081633,2.7381885714285716,3.4693510204081632,0.016795918367346938,0.0039387755102040815,0.7412161632653061
65,-11536.913469387757,-14.083914262244898,27.933459183673477,27.079881632653066,26.94026224489796,2.820584183673469,1.5862104081632653,3.0845919387755094,17.10053581632653,16.51237816326531,15.46802112244898,4.5540582653061215,1.6346821428571428,2.512169387755102,0.005602040816326531,0.06941836734693876,0.648198142857143
66,-11521.366984126984,-3.9144797777777782,24.409765079365073,23.532230158730155,25.12165079365079,2.8262379365079364,1.5780004761904765,3.0447193650793656,13.607262380952383,14.655300158730157,13.616490793650792,4.495257777777779,2.8800973015873015,3.41304,0.007825396825396826,0.0005555555555555556,0.6610180476190476
67,-11549.447578947369,-8.109360951578946,26.777046315789466,26.193011578947363,28.45576105263158,2.813414736842106,1.579613052631579,3.0498650526315787,14.057603789473687,16.116012842105267,15.582350315789474,3.2039856842105254,2.130836421052632,2.3669937894736846,0.002242105263157895,0.15241052631578947,0.6952799368421055
68,-11529.098840579709,-14.5770885115942,23.295385507246372,22.19815217391304,23.288891304347825,2.8157984057971013,1.5816802898550724,3.0506837681159418,13.165454492753623,13.97463956521739,12.991818405797103,4.487983478260871,2.3309995652173914,2.1135110144927536,0.005347826086956522,0.002391304347826087,0.6697527826086958
69,-11588.11629032258,-43.49264833870968,19.05669274193549,20.77836612903226,20.951887096774197,2.8269846774193557,1.585560483870968,3.0706267741935482,7.586399032258065,9.866075080645162,11.179800967741937,3.5957233870967737,1.7193421774193551,2.474919435483871,0.005524193548387097,0.014249999999999995,0.5313755000000001
70,-11511.376875,-10.898849281250001,21.821340624999998,20.4431828125,21.2019609375,2.82255515625,1.57903453125,3.0313946874999997,11.251626250000001,10.85500125,9.36626546875,4.0639678125,2.20321390625,2.17297734375,0.0044687500000000005,0.025531250000000002,0.67415553125
71,-11559.864444444445,-16.329969135802468,20.94300740740741,22.06792098765432,21.94329012345679,2.8241417283950616,1.5855453086419753,3.0654425925925923,9.9940424691358,11.320592469135804,12.342517160493829,4.180472962962964,1.825307160493827,2.652571851851852,0.01180246913580247,0.003987654320987654,0.6144988641975309
72,-11470.384888888888,-9.305486928888888,25.158173333333334,24.526713333333333,26.261642222222225,2.825562666666667,1.5795973333333333,3.0107480000000004,13.679492444444445,15.038106222222225,14.512234,4.08904711111111,2.2602435555555553,3.258181555555556,0.012644444444444446,0.007133333333333334,0.7232454444444444
73,-11514.63625,-9.8756974625,25.41105625,25.096796875,26.197571875,2.82975625,1.5826371875,3.04005203125,15.191354687499999,16.2187059375,15.87972109375,5.13149890625,2.9417771875000005,3.9056395312500003,0.018640625,0.0016875000000000002,0.676667125
74,-11519.23127272727,-14.244890803636359,23.467478181818183,23.05078727272728,23.854074545454527,2.825643272727272,1.583733272727273,3.024492181818182,12.320745090909098,12.922288363636364,12.532409272727264,3.8897156363636367,1.997687636363636,2.2513372727272722,0.006563636363636364,0.02418181818181819,0.673760618181818
75,-11524.732525252526,-7.022246216161617,24.441620202020204,23.772098989898993,24.84246363636364,2.8231656565656564,1.585122222222222,3.0812338383838385,15.149677575757575,16.304638585858587,15.957541818181818,4.732748686868687,2.293731515151515,2.3825007070707067,0.01021212121212121,0.0007272727272727273,0.6811141717171717
76,-11511.179622641512,-25.482566396226417,20.624924528301893,19.28771509433962,21.344530188679244,2.820868301886792,1.587345283018868,3.0711009433962264,9.79569716981132,11.10579188679245,9.600458867924528,4.4550283018867916,1.6151286792452828,2.4587949056603775,0.008622641509433964,0.0017735849056603773,0.6113968490566037
77,-11562.45857142857,-37.197135833333334,22.993588095238096,22.781328571428567,20.365767857142856,2.833525238095238,1.5832848809523805,3.0719371428571427,12.720369999999997,12.263461547619048,9.83196142857143,4.3132254761904765,1.5994485714285713,2.799917023809525,0.018714285714285715,0.01416666666666667,0.5008060952380953
78,-11533.880967741936,-22.808294532258063,23.273364516129035,22.217409677419354,24.234933870967748,2.82469435483871,1.5840930645161293,3.064725161290323,11.665330483870965,13.004434193548388,11.946120322580649,4.700122580645161,2.474175967741935,3.0234267741935485,0.008806451612903226,0.0013225806451612903,0.6111335967741937
79,-11528.709687499999,-6.355065921875,25.8492703125,25.214898437499997,26.209404687500005,2.8234440625,1.5837428125,3.05261765625,14.498655156249999,15.088088593750001,14.332807656249999,4.071958125,1.7328534375,2.46157109375,0.007546875000000001,0.0045312500000000006,0.69920396875
80,-11553.50953488372,-14.28988743023256,23.949259302325583,23.06137093023256,25.041755813953486,2.8196683720930236,1.5842606976744187,3.067507558139535,12.888748953488369,14.411884651162792,13.248802674418606,4.693489418604651,2.081081627906977,2.3992258139534886,0.00904651162790698,0.0005930232558139535,0.6379114767441861
81,-11548.744603174602,-2.745146929365079,26.14775238095238,25.49149841269842,27.77065714285714,2.827850555555555,1.5823948412698416,3.0755934920634913,15.542641666666666,17.54139746031746,16.82388595238096,4.540441984126983,1.8821150793650792,2.5377098412698413,0.00777777777777778,0.0002936507936507937,0.6952795238095238
82,-11518.140363636367,-9.183673018181818,22.82045454545454,22.551261818181814,22.742921818181813,2.831172545454545,1.5825509090909093,3.030499454545454,11.442592000000001,11.790303818181819,11.005868000000001,4.6800654545454545,1.609795090909091,2.5572830909090913,0.00950909090909091,0.041381818181818186,0.6923518181818181
83,-11590.86551020408,-53.94759871428572,20.603592857142857,21.42742142857142,19.23485,2.8308813265306125,1.58656806122449,3.06926418367347,8.459835714285715,6.748986836734695,6.431202857142858,4.152960510204081,2.1543068367346936,2.5293095918367348,0.0125204081632653,0.0034081632653061226,0.4924737959183673
84,-11498.182400000002,-13.4820231,22.910484,22.606905999999995,23.07905,2.832955800000001,1.5813211999999999,3.0269351999999996,11.594194600000002,12.079341599999998,11.2347538,4.5314612,1.8844368,2.5905384,0.01352,0.00116,0.6266872800000001
85,-11546.887777777778,-23.819276333333335,20.85654166666667,21.856831944444444,21.167591666666667,2.8270095833333335,1.58219,3.050373472222222,8.809058472222224,9.997330416666667,10.67482875,4.692465972222223,2.3941691666666665,3.238802222222222,0.008416666666666668,0.049569444444444444,0.6125250138888889
86,-11517.932499999999,-11.757007678571428,20.377662500000003,21.59088928571429,20.947208928571428,2.8450637500000004,1.588905892857143,3.063171964285715,8.466206071428571,9.798797500000001,10.3084525,4.8290628571428575,2.608440714285714,3.5592355357142855,0.023892857142857143,0.044446428571428574,0.6812775714285715
87,-11513.814642857144,-13.693159832142856,22.23830892857143,21.015112499999997,22.81482857142857,2.832328035714286,1.5867721428571429,3.038790357142857,11.254425178571429,12.586305357142859,11.766784107142858,4.323535,1.9854610714285716,2.559972678571429,0.018107142857142856,0.0017678571428571428,0.663550625
88,-11551.750679611647,-28.979940436893212,22.73418932038836,22.31366310679612,21.914009708737854,2.8257124271844645,1.585582621359223,3.059652427184467,11.40511737864078,10.647999514563102,9.310846019417475,4.696871456310681,3.41351281553398,3.500866601941747,0.01041747572815533,0.0001650485436893204,0.5704123398058253
89,-11537.757701149427,-4.282877028735632,27.488179310344826,26.659868965517244,29.287380459770123,2.830873218390805,1.5825101149425285,3.0521341379310343,15.399555862068969,17.47116540229885,16.821214137931033,4.823589540229885,4.101576666666666,3.3977173563218384,0.01074712643678161,0.07997701149425286,0.7166065172413794
90,-11579.785287356326,-41.91750248275862,23.237855172413802,22.296545977011494,23.281178160919552,2.8298887356321845,1.5863206896551727,3.063831609195401,10.862594597701154,11.71058655172414,9.808835402298847,4.390595057471263,2.8360998850574712,1.7730568965517253,0.010965517241379308,0.0516896551724138,0.5628104252873564
91,-11544.0136,-20.561366133333337,21.717812000000002,19.88646533333333,22.533230666666668,2.820980266666666,1.5801521333333337,3.056290533333333,10.409269866666667,11.584304800000002,10.167343733333334,4.678878399999999,1.5927964000000003,2.5333508,0.008613333333333336,0.025226666666666665,0.6385445866666666
92,-11544.018333333333,-31.914999775,22.848381944444444,24.540154166666667,23.707906944444442,2.8247287500000002,1.58148125,3.051701527777778,12.319197361111113,14.27983,15.301503333333333,4.522893194444444,2.3014272222222223,2.975329861111111,0.011875,0.006222222222222222,0.542134486111111
93,-11538.404444444446,-21.43568938888889,22.89220277777778,24.12351111111111,21.154468055555554,2.829644305555556,1.5863993055555554,3.0522163888888896,11.594466666666667,9.815290138888889,10.822979999999998,4.2273668055555556,1.627242777777778,2.478130694444444,0.011986111111111109,0.004958333333333333,0.6179155277777777
94,-11328.683529411765,-17.26021988235294,22.040664705882353,23.175329411764707,20.617158823529415,2.8310664705882354,1.587034117647059,2.9594288235294113,10.39295411764706,9.42780294117647,9.02988411764706,4.922532352941176,4.471427058823529,3.750072941176471,0.02111764705882353,0.006411764705882353,0.6862386470588235
95,-11531.62904109589,-12.770040478082192,26.037886301369866,25.28475479452055,27.687950684931504,2.8205280821917813,1.5788854794520548,3.0501960273972606,14.819024657534245,16.987942328767122,16.04978383561644,4.10824808219178,2.7316886301369863,3.1891394520547944,0.007821917808219178,0.011232876712328768,0.6590837397260274
96,-11530.71670886076,-3.9775842096202525,27.243765822784802,26.948960759493666,27.764906329113924,2.8286258227848107,1.584383924050633,3.0610655696202533,15.850426075949366,16.56366088607595,16.088094303797472,4.296689240506329,1.9418467088607598,2.855075443037975,0.011405063291139243,0.007468354430379747,0.7135229367088608
97,-11501.700434782611,-21.118805869565218,21.650747826086956,21.776810869565217,20.870363043478257,2.8309378260869567,1.577173043478261,3.0203443478260867,10.16450543478261,9.894150217391303,9.824926086956523,5.067775,2.6355563043478263,1.8158463043478263,0.010565217391304348,0.04695652173913043,0.6216969565217392
98,-11517.00646153846,-1.8216729123076925,25.355335384615383,24.72564769230769,25.90075384615385,2.829442769230769,1.5841606153846155,3.043220461538462,15.048876,15.651824153846155,15.070183692307692,4.179828,1.6102007692307692,2.49748,0.012876923076923076,0.004353846153846154,0.7342381384615385
99,-11574.466516853932,-39.34001908988764,23.055280898876404,21.46244606741573,21.121866292134833,2.8230277528089887,1.5811267415730337,3.067319550561798,10.51547966292135,9.893513820224719,7.069598876404495,4.230584494382022,2.0497547191011236,2.047966629213483,0.006730337078651686,0.001258426966292135,0.5388630898876405
100,-11569.1922,-29.703112170000004,20.612028000000006,21.906072999999992,19.06006,2.818731800000001,1.5822828000000004,3.065833600000001,10.061945200000002,10.789647400000002,10.760946900000004,4.8594387,4.221230500000001,4.8815763,0.0058000000000000005,0.024330000000000004,0.5272831200000001
101,-11549.291594202896,-37.69928040579711,22.35955072463769,20.845836231884064,22.220911594202907,2.8243530434782613,1.5841563768115938,3.051736086956523,11.931286231884064,12.678641884057972,10.879255507246377,4.511497101449277,3.8234089855072466,4.7229165217391325,0.011478260869565219,0.0024202898550724637,0.6018071594202901
102,-11512.422,-8.234252833333334,21.699466666666673,22.854758333333336,21.433186666666657,2.8298218333333343,1.585773,3.034960499999999,10.878869166666666,10.6881315,10.984179,4.417254000000001,4.684141666666666,4.826493000000001,0.011333333333333334,0.007633333333333334,0.6858153000000001
103,-11587.026355140186,-51.3299514953271,20.189194392523365,18.146678504672895,20.945167289719624,2.8155316822429906,1.579940747663551,3.066777383177571,8.28847018691589,9.550089999999999,7.73484168224299,4.138405514018692,1.9940120560747656,2.7377475700934584,0.004224299065420562,0.0005420560747663552,0.5059006822429907
104,-11540.838795180724,-3.3925982361445777,26.141331325301202,25.359993975903613,27.617693975903613,2.8276472289156627,1.5786227710843377,3.0478895180722887,15.075003253012047,16.64203048192771,16.04073662650602,4.184217228915664,2.0586427710843376,2.804475421686747,0.009180722891566266,0.010481927710843374,0.6749087108433734
105,-11539.390000000001,-5.059473789772727,26.37191704545455,25.795655681818186,28.553734090909096,2.8248435227272726,1.585386477272727,3.0593903409090912,15.11417238636364,17.521963977272726,17.13070022727273,4.532962840909091,2.0144745454545454,2.6853529545454546,0.008454545454545456,0.0012045454545454545,0.7073735113636364
106,-11493.98716981132,-10.616585773584907,23.23561886792453,23.177796226415097,23.374664150943396,2.826452452830188,1.5835416981132076,3.0372239622641506,12.544893773584906,12.827296415094342,12.345715471698114,4.47569962264151,2.414806981132075,3.01132962264151,0.009811320754716982,0.017226415094339618,0.6871542075471697
107,-11573.483877551022,-24.04706791836735,23.429257142857143,22.077411224489794,24.04706020408163,2.8344158163265303,1.585563673469388,3.0628335714285715,10.888928163265307,12.358187653061222,11.206111734693877,4.315579081632653,2.5719341836734695,2.715778163265306,0.012122448979591836,0.04435714285714285,0.6022224183673468
108,-11528.132087912089,-7.531242182417581,22.054516483516483,22.445126373626376,21.194108791208787,2.8238084615384613,1.5941803296703299,3.0750197802197796,12.048585934065933,11.814628791208794,11.66971912087912,4.550368461538462,5.695629780219781,5.52035945054945,0.008725274725274727,0.0009780219780219782,0.6509605384615383
109,-11536.042222222222,-7.505497228395063,25.332140740740744,25.90657160493827,24.732575308641977,2.822816913580247,1.5831546913580248,3.0633503703703706,14.161814444444447,14.070993333333334,13.974903333333332,3.955438888888889,2.763293580246913,2.496966790123457,0.005530864197530865,0.024592592592592593,0.6824475679012345
110,-11534.973086419752,-2.0553802876543212,25.701153086419755,25.102753086419753,25.700174074074077,2.8294175308641973,1.58227024691358,3.042608395061728,14.868172222222226,14.857848641975309,13.927232098765433,4.584031851851852,2.194229382716049,2.95894925925926,0.01171604938271605,0.0024567901234567903,0.6562641975308642
111,-11521.076875,-6.794897918749999,26.789710937499997,26.7709328125,27.1461734375,2.831208125,1.5844592187500002,3.050854375,15.96756625,16.278493124999997,15.61696921875,4.6082928125,1.6058796875,2.56922265625,0.008484375,0.07373437499999999,0.7023584375
112,-11547.629062499998,-0.445974625,26.64940234375,26.450834374999996,26.725010937500002,2.82698453125,1.5815925000000002,3.0770994531249998,15.617264609374999,15.696924609375,15.44202703125,4.65418234375,2.29395484375,3.19721,0.0084375,0.07440625,0.6855414140625
113,-11524.798730158733,-6.965386079365079,22.54021587301587,22.65319365079365,22.403934920634917,2.835023333333333,1.584736507936508,3.0347628571428573,10.76092,11.275141428571427,10.881171111111112,4.624120317460317,1.7164884126984123,2.591781111111111,0.008666666666666668,0.04347619047619048,0.7050709206349207
114,-11490.312380952382,-9.280851910238095,26.179514285714287,26.26620238095239,26.233026190476192,2.8242747619047615,1.5838792857142858,3.0421511904761904,14.91454642857143,15.009113571428568,14.670512619047619,4.037054047619048,2.2133261904761907,2.8651635714285715,0.009095238095238095,0.009833333333333335,0.6903957619047618
115,-11564.472643678164,-29.67805722183908,22.286187356321843,21.382214942528734,21.51244367816092,2.8248447126436784,1.5875772413793106,3.0628720689655173,11.27918011494253,10.83972701149425,10.086696321839081,4.670895287356321,2.519420689655172,3.027198735632184,0.011402298850574713,0.002172413793103448,0.551961264367816
116,-11545.355161290321,-37.45655483870968,19.52827419354839,19.80439516129033,17.59951129032258,2.8207466129032257,1.5820993548387094,3.0447783870967733,8.435850967741935,8.405226935483872,6.394277741935485,4.716404677419355,1.8316916129032257,2.614055806451613,0.0052258064516129046,0.013435483870967744,0.5616949354838708
117,-11554.39605633803,-16.721996033943658,20.4854323943662,19.992066197183107,21.355192957746482,2.822992676056338,1.5857605633802816,3.0541829577464785,9.838118450704224,11.432912394366197,11.717751830985913,4.465806478873239,1.6876430985915494,2.3358973239436627,0.008183098591549297,0.0008591549295774649,0.6259271126760563
118,-11541.800266666667,-29.66122918173333,20.431681333333337,22.197475999999998,19.35508933333333,2.804530933333333,1.5739753333333333,3.0523681333333337,9.341485866666666,7.752398533333333,9.004385733333333,4.3864132,2.0707633333333333,2.212860133333333,0.00688,0.03448000000000002,0.6171530933333332
119,-11543.432068965518,-3.258010912931035,23.69953448275862,22.829801724137926,24.446075862068966,2.8342654310344826,1.5897593965517243,3.082507586206896,13.153156896551723,14.049859396551726,13.119970000000002,4.664135517241379,2.0342264655172415,2.9715118103448273,0.013681034482758623,0.04666379310344828,0.632760025862069
120,-11548.469411764707,-27.311712113235288,21.32787647058824,21.25235,23.41710588235294,2.8276779411764705,1.5822,3.048666764705882,10.132144558823526,12.866827647058825,12.813017205882353,4.489892647058823,1.8938188235294116,2.2403617647058827,0.00889705882352941,0.011485294117647059,0.5886023676470588
121,-11537.371851851853,-11.946607185185186,25.438258024691365,25.3478,23.955688888888886,2.8170788888888887,1.5837129629629632,3.069163950617284,15.562766666666667,14.072518641975309,13.921244444444445,4.694776296296296,1.5953406172839506,2.470121358024691,0.0104320987654321,0.01165432098765432,0.6299149382716049
122,-11484.128,-15.62525325,20.1195025,20.622435000000003,21.77982,2.8261789999999998,1.5886255000000002,3.02334775,8.54602725,10.61496875,10.848779,4.426443,2.0696120000000002,2.7556975,0.011675,0.007775,0.64074395
123,-11471.922439024389,-20.117372536585364,19.86632195121951,20.899360975609756,21.30147804878049,2.8225646341463415,1.5837902439024392,3.0506770731707316,8.426389268292683,10.757488292682925,10.760311707317072,4.334428536585365,2.5775248780487803,3.3788031707317074,0.009292682926829268,0.010487804878048781,0.6407415609756099
124,-11516.42303030303,-8.633074671212121,24.00484090909091,24.479215151515152,25.123966666666668,2.8389824242424244,1.585272878787879,3.04597696969697,12.431651818181816,13.78976696969697,14.393611363636365,4.738568787878788,4.137342272727274,5.025778636363636,0.0275,0.003318181818181818,0.6844803333333334
125,-11487.286666666667,-3.836920160784314,29.36133333333333,29.4377137254902,28.631535294117647,2.825470980392157,1.5793680392156864,3.0387735294117646,18.75144705882353,18.365696078431373,17.962864705882353,4.023535294117647,1.6058692156862744,2.551596078431372,0.008627450980392156,0.0063921568627451,0.7794059215686274
126,-11545.595942028987,-28.317486159420287,24.215314492753624,25.677569565217397,24.00130869565217,2.8208443478260876,1.5866465217391306,3.0537584057971014,14.206984057971015,14.750049130434782,16.231923188405798,4.759174782608695,1.6612836231884056,2.355467681159419,0.008565217391304348,0.00034782608695652176,0.5965743188405799
127,-11512.232452830187,-11.37893013207547,24.360400000000002,23.847100000000005,23.93414905660377,2.8301196226415093,1.5849111320754716,3.0397964150943393,13.112706415094342,13.196689622641511,12.102971320754717,4.252052264150943,1.8452701886792455,2.7605628301886793,0.01437735849056604,0.0058679245283018875,0.6844326226415094
