0,currentEnergy,Binding Energy,dist_activesite,dist_activesite2,dist_activesite3,dist_activesite4,dist_activesite5,dist_activesite6,dist_Ser_to_His,dist_His_Asp,dist_His_Asp2,sasaSer,sasaLig
1,-11677.18802742616,-50.92996976097046,25.310512974683547,25.136750949367087,28.16585896624473,27.99971297468355,28.751909388185656,26.67898818565401,2.8233604535864982,1.5857654219409283,3.102347035864979,0.00129746835443038,0.44700635021097046
2,-11643.28431372549,-43.215707908340875,22.343168778280543,19.324199095022625,22.21543725490196,19.64952609351433,18.62957586726999,15.810827752639517,2.813064766214178,1.586247315233786,3.1032139819004527,0.000957767722473605,0.43774812217194564
3,-11581.560909090907,-30.456582381818173,32.767774545454536,32.60161454545454,31.10072545454546,30.46586,32.41830909090909,32.5516090909091,2.8149412727272733,1.5834318181818186,3.0600619999999985,0.0030181818181818187,0.5575655090909092
4,-11516.433636363634,-16.174309145454544,32.22515090909091,31.413703636363635,30.705792727272723,29.43461636363636,30.747774545454547,30.353925454545454,2.820055818181818,1.578032545454545,3.042217818181818,0.003945454545454546,0.6538304909090908
5,-11560.397567567567,-15.983715168918916,27.407406756756757,27.19565945945946,27.81600810810811,27.43915675675676,27.829017567567572,27.706232432432433,2.818094189189189,1.5829786486486486,3.0299935135135128,0.0044054054054054066,0.6623232837837839
6,-11678.59,-58.336208113139456,8.752752245970568,10.236691702873161,8.705296114225648,10.429732277505256,12.61509554660126,12.476545816398037,2.77580110721794,1.5627546566222845,3.0338030728801684,9.95094604064471e-05,0.36783036685353887
7,-11607.905555555555,-28.41289533333333,27.142806432748536,26.766090643274854,25.876149707602334,25.015554385964908,26.884530994152044,26.762352631578942,2.8222656725146202,1.5930872514619883,3.074315087719298,0.0016432748538011696,0.4944688713450293
8,-11688.175488069415,-51.40488574303687,25.651825379609544,23.286349110629065,23.346991887201735,20.191523167028198,20.48913180043384,20.048778221258132,2.802718060737527,1.5776047028199565,3.088871080260304,0.0005496746203904557,0.42670470585683296
9,-11572.609444444444,-13.666242333333333,39.435590000000005,39.642385555555556,37.534058888888886,37.38884555555556,39.43698555555555,39.931328888888885,2.8124505555555555,1.5785588888888886,3.0729797777777774,0.0014444444444444446,0.5913646555555556
10,-11675.266603053436,-56.29097137938932,23.197425445292616,21.03663129770992,26.435866157760813,24.778999618320615,21.666553562340972,20.091382824427484,2.8217343511450386,1.60914320610687,3.144807913486005,0.0013320610687022902,0.40497318193384224
11,-11651.966845448129,-61.2432303768525,18.47968207480593,18.645308186309105,23.314932745236412,24.349264714184898,22.288529851799577,18.410081580804516,2.8160770359915315,1.5871587438249823,3.1139839520112917,0.0009724770642201836,0.4132958285109386
12,-11628.178399487837,-42.52057514606274,18.227852176696544,18.234703841229194,14.677660460947504,12.898440717029448,16.63764577464789,16.17661280409731,2.802234314980794,1.5806325672215111,3.093088188220231,0.0009398207426376443,0.4040203463508322
13,-11636.326308139534,-39.847744412790696,29.42076191860465,28.14496860465116,29.455180232558135,28.66209622093023,30.51554331395349,29.95330087209302,2.8213907267441862,1.5851329360465114,3.101446104651163,0.001302325581395349,0.45856920348837216
14,-11667.218113772455,-44.24787589520958,27.40685299401198,26.03069236526946,28.229966616766472,27.451181736526944,29.89797380239521,28.784254940119755,2.8048143562874253,1.5839281287425149,3.0761280538922158,0.0005703592814371258,0.48020204491017976
15,-11652.259234828496,-52.37747124485489,32.75929841688655,31.686875725593666,30.79182691292876,28.235573614775717,32.129085224274405,32.66314986807388,2.8121939841688652,1.5877324538258575,3.1050050131926117,0.0006649076517150396,0.4796258839050132
16,-11689.930891238671,-51.13362717211481,29.10841586102719,28.806127190332322,27.530329305135954,27.391794712990936,29.918153021148033,30.223954531722054,2.8212616918429,1.604049425981873,3.1066675830815713,0.001649546827794562,0.4090072703927493
17,-11437.071666666665,-8.744132083333334,28.26099583333333,28.3216,26.7792875,26.43509166666667,27.893283333333333,29.811287500000002,2.818050833333333,1.5787612500000001,2.9866120833333327,0.007833333333333333,0.74020325
18,-11658.824386536371,-53.686800854408254,13.2945111834962,12.11168957654723,16.687786742671012,17.47898711183496,12.011499131378935,8.448155960912052,2.784149728555917,1.5946328881650382,3.0543766666666667,0.00018023887079261674,0.44964800542888167
19,-11637.854772727274,-28.944163958181818,27.667252727272732,27.414676363636367,24.775658181818184,24.54662727272727,28.64125727272727,30.983002272727273,2.8109919090909092,1.5807129999999998,3.085708000000001,0.0007318181818181818,0.5663855409090909
20,-11678.160081743868,-47.1314650653951,22.19301226158038,19.25350136239782,25.064448773841963,22.85219754768392,21.043472479564034,18.00294523160763,2.822767792915531,1.598357479564033,3.1012818528610357,0.009132152588555858,0.4721642261580381
21,-11570.753378378378,-25.55151497297297,35.35526351351352,35.18037702702702,35.181443243243244,34.90716351351352,35.551120270270275,35.73959324324324,2.811804189189189,1.5835602702702702,3.052235540540541,0.0024324324324324323,0.5642901621621621
22,-11660.314374555792,-48.71401795380242,24.61629491826581,27.55682839374555,26.747847050461974,29.1259276119403,25.88836563610519,27.14619296375266,2.827096801705757,1.5956783262260128,3.118857981520967,0.0016002132196162046,0.36952593710021325
23,-11591.196655290105,-33.00344265529011,25.121715358361776,24.000278156996586,27.63560443686007,26.678833447098974,27.0862204778157,24.629027645051192,2.808642730375426,1.5712097610921503,3.0440540614334473,0.0010204778156996587,0.5470315392491468
24,-11658.731313755796,-53.49249749304483,11.997054544049458,9.178229814528594,16.8061327820711,16.45760741885626,12.649789335394129,7.959137465224112,2.807365115919629,1.5900396908809895,3.084847774343122,0.0003384853168469861,0.4202996476043276
25,-11681.622104519774,-63.205084915254226,29.83233248587571,28.162943644067795,30.698021468926548,28.539719774011296,30.81853418079096,29.04792429378531,2.8210714548022597,1.5906278672316385,3.094372895480226,0.0008968926553672317,0.3964688771186441
26,-11670.727697841725,-52.1330757922405,22.065580935251802,21.99690231243577,19.62615981500514,18.29325318602261,22.54016130524152,22.33280704008222,2.8290770657759508,1.5881956474820142,3.092223180883864,0.015219938335046252,0.43429546865364854
27,-11684.066109154928,-55.68881644366198,32.876106690140844,34.06975492957747,33.96203908450704,34.63516883802817,36.682770070422535,37.06773626760563,2.8083673415492956,1.595750422535211,3.0978625176056336,0.0009876760563380283,0.48351252112676063
28,-11700.676412825651,-66.73523605490982,26.023274348697395,25.511788376753508,29.205607615230466,28.736504849699397,30.622628657314632,27.76651470941884,2.815573855711423,1.5938490621242485,3.102023647294589,0.0006212424849699399,0.4069701831663327
29,-11662.656528599606,-53.02101116528599,26.95703382642998,26.89767366863905,22.82952238658777,22.101644181459566,27.412509171597634,30.251949408284023,2.810504743589744,1.5840557396449704,3.10540134122288,0.00016272189349112427,0.4869068116370809
30,-11634.15862295082,-30.096808347377053,17.264716721311473,16.343816065573773,13.55488524590164,12.019507409836066,15.227498852459014,15.903679016393442,2.810379278688525,1.576261,3.1237326229508193,0.0012131147540983607,0.5301116508196722
31,-11639.15548977395,-27.847788393649086,20.782498170075353,21.278980839612483,17.142189128094724,17.507005920344458,21.755859741657698,22.37754090419806,2.798370721205597,1.5775702475780409,3.0799858234660924,0.0004434876210979548,0.46245233907427336
32,-11698.696527777776,-79.59435360681218,19.773157605820106,21.45833115079365,15.536312235449735,16.384316666666667,17.716118386243387,22.353159821428573,2.7625479761904765,1.5762520039682542,3.074131626984127,8.994708994708995e-05,0.403306105489418
33,-11619.783796296295,-42.943791314814824,35.51963240740741,36.210384259259264,31.73941666666667,31.774796296296305,34.56875740740742,35.09086574074074,2.8185701851851843,1.5875199074074071,3.081412407407408,0.0014351851851851852,0.5535731574074073
34,-11646.966439688716,-53.130927764785994,33.96942146562906,30.684557133592733,33.022662645914394,29.65116653696498,31.559696822308688,29.55230823605707,2.8106538067444875,1.602728009079118,3.131731329442282,8.560311284046692e-05,0.4487052795071335
35,-11627.421904761903,-36.96364836054422,24.188832653061226,25.431361904761907,22.588995918367345,22.969548299319726,22.272236054421768,21.646721768707486,2.8084879591836733,1.5853280272108843,3.098103469387755,0.0014693877551020407,0.5368938163265305
36,-11650.29182883342,-52.791363749617936,8.031204732552217,8.9912616861946,11.391997111563933,13.532649210392258,14.398372114111053,14.088200081507896,2.7880333418237386,1.5631965359144167,3.0435639276617423,3.6169128884360675e-05,0.370404603158431
37,-11660.021489361703,-40.54395115602837,25.777649787234044,24.617066099290778,27.021695035460997,25.29901716312057,22.273727517730496,21.56436765957447,2.8133421276595745,1.583645631205674,3.086946936170213,0.00043687943262411344,0.4655564226950355
38,-11651.249924357036,-47.48797064599093,19.283498487140694,17.076945537065054,22.616540998487146,21.097933282904688,20.060153403933434,17.047153857791226,2.807377095310136,1.5874665506807866,3.1085030105900153,0.0011452344931921334,0.46808592284417555
39,-11596.642035398228,-20.24346386106195,36.15586814159292,35.582325663716816,35.580559292035396,34.85867610619469,34.497199115044246,34.70461769911504,2.8207321238938046,1.5842050442477877,3.0758606194690263,0.002601769911504425,0.6037084955752211
40,-11618.352362204723,-39.64428465748032,30.4691094488189,27.388591338582682,32.10544330708661,30.02984173228346,31.036033858267714,29.002441732283472,2.8129021259842513,1.573895590551181,3.0494829921259847,0.0007244094488188976,0.5092770236220473
41,-11622.259127516778,-30.461256877248324,21.173721140939602,22.51394865771812,20.269226510067114,21.227076174496645,21.969460738255034,22.41550201342282,2.802764026845638,1.5806507718120808,3.0841796644295303,0.001348993288590604,0.5176145570469799
42,-11623.690629370627,-34.61211104545454,15.010243356643354,13.44061958041958,16.71933048951049,15.503267482517483,12.838787972027973,11.396543776223776,2.789698251748251,1.5872744055944057,3.055658881118881,0.0014895104895104897,0.5204205384615385
43,-11657.107476390347,-64.24977848898216,25.665033001049316,28.71054328436516,23.03687906610703,25.971016526757612,25.161003410283314,26.105852203567682,2.8223568310598113,1.590315797481637,3.11389407135362,0.000680482686253935,0.36085756610703046
44,-11675.678421701603,-56.4231277324291,17.301731319358815,18.581938224414305,16.286063378545006,16.414738840937115,21.63648014796548,22.79586572133169,2.778030912453761,1.584241196054254,3.0836750554870527,0.00029716399506781756,0.4885216868064119
45,-11684.916083521444,-64.11090641083521,28.368567494356657,32.65362200902935,24.653968848758467,27.611304401805867,30.205343340857787,33.29833781038375,2.8206878668171553,1.59501039503386,3.106402415349887,0.0010462753950338602,0.4678880383747179
46,-11694.5091488604,-55.90962473290598,32.085205128205125,31.418698290598293,27.93976623931624,25.41188735754986,29.286648326210823,27.76954807692308,2.808746602564103,1.580652022792023,3.129361385327636,0.0008059116809116811,0.3554576207264957
47,-11637.287718550107,-48.351713614214646,26.07667810945274,26.080356005685854,21.11950739161336,21.12520277185501,26.041025444207538,27.572496943852173,2.8189991044776117,1.5891118550106607,3.095684953802417,0.0016204690831556506,0.4711531485429993
48,-11637.68284090909,-37.01095886931818,10.532921448863638,9.683796988636363,11.115850653409092,10.744851051136363,12.484542755681817,13.096562812500002,2.8011616193181816,1.5748242897727271,3.068265,0.0005681818181818183,0.4298451051136363
49,-11696.676606099934,-57.23841584036339,28.742339844256964,29.47799357560026,24.650739390006486,24.3786737183647,26.13426489292668,27.07953043478261,2.8120376703439325,1.5820085658663205,3.1130961648280335,0.00016158338741077222,0.38466526606099927
50,-11657.28940609952,-55.66891016693418,22.938125521669342,19.74899871589085,21.529829695024073,18.739588282504016,22.511507062600323,21.119007865168538,2.788712086677368,1.5802851203852328,3.0961774638844304,0.00036757624398073844,0.43669211075441416
51,-11685.804413593038,-65.24066921467053,29.99114338997099,28.162147492747618,29.14987144633237,26.988590924160793,24.544102154993784,26.668781599668463,2.8200502818068793,1.5897090882718607,3.10705702859511,0.0024351429755491093,0.33694639701616247
52,-11656.164831538728,-55.413557482980195,27.279749010072944,25.846632198680098,31.8104814866273,32.028220597429666,31.428543452587704,27.46267599861063,2.8250538381382424,1.593640215352553,3.088621910385551,0.0003678360541854811,0.34568414032650224
53,-11649.672014134274,-42.25461930839223,30.778030300353354,27.82995477031802,29.584389929328623,27.330815724381623,31.57227950530035,30.906937014134275,2.816701413427562,1.5831011219081272,3.1077413427561837,0.00016342756183745582,0.5169217738515901
54,-11659.470693568726,-28.44617379495586,17.295365321563683,15.414979949558637,17.81226998738966,15.524994325346784,12.197863745271123,11.340799003783102,2.8062219167717535,1.592506254728878,3.0882116897856244,0.0005889029003783103,0.558431291298865
55,-11657.826968503936,-52.722588657480316,32.34477125984252,29.23169527559055,32.79601614173228,29.750919685039367,29.976594881889763,27.139098818897637,2.811276653543307,1.5702353937007874,3.0640238976377954,0.0005354330708661418,0.44060524803149603
56,-11677.904906204905,-46.92909033520924,19.12812207792208,16.307383164983165,22.14047373737374,19.45372833092833,16.50107575757576,13.737386628186629,2.806490206830207,1.579256103896104,3.096915007215007,0.00046945646945646956,0.46764634391534393
57,-11655.832814498934,-45.623246038805966,29.555203880597013,28.47154904051173,35.20479253731344,34.99688243070362,32.16232371002132,30.662558038379533,2.820352690831556,1.5924628230277185,3.115505279317697,0.0003901918976545843,0.42996036886993605
58,-11654.34646401985,-55.32487546650123,25.317105831265508,26.486928908188585,30.332389081885854,31.613637096774195,27.15523895781638,27.493041563275433,2.809132568238214,1.592038771712159,3.1071802853598016,0.00047766749379652605,0.4134357729528536
59,-11650.557267292912,-57.25451259180187,29.399446456020495,26.747843808710503,31.693005892399658,29.722327113578142,30.217581511528607,28.151842314261316,2.8190270794192998,1.590407263023057,3.1217126942783944,0.0010354397950469686,0.4230828104184458
60,-11666.974026927786,-46.04472565605875,15.083010618115056,16.39192111995104,17.93992899632803,20.126363488372093,19.718273671970625,19.357125501835984,2.8055982619339046,1.604779865361077,3.223351303549572,0.0009222766217870258,0.4455731621787026
61,-11660.944467306812,-37.70617953484225,28.428786465477824,30.2780573388203,24.483377549154092,25.373433104709648,26.718891266575216,27.252395564700503,2.8165370324645633,1.5926398811156834,3.0974600091449473,0.0006058527663465935,0.5233100256058527
62,-11613.11856287425,-29.209083736526942,16.52891856287425,17.20284071856287,16.09860958083832,16.08118982035929,17.834556287425148,18.542119760479036,2.8201432934131736,1.584905508982036,3.0857903592814373,0.004670658682634732,0.5161716526946106
63,-11658.185635792779,-61.63639309262167,28.03950188383045,26.30796624803768,33.22475290423862,32.27297017268445,27.84124693877551,25.500158555729982,2.81484557299843,1.6075338461538462,3.1245713186813187,0.0018649921507064367,0.36082701726844585
64,-11668.908353658533,-48.82118571073171,30.069394390243907,29.303513658536584,29.64988207317073,28.33203963414634,30.699536951219514,30.298188048780485,2.8014438292682926,1.592442256097561,3.0991289268292683,0.0004073170731707317,0.38913539634146344
65,-11593.047317073171,-13.93623150487805,25.49962113821138,25.041681300813007,26.341186991869918,26.00310406504065,25.559078048780492,25.050247967479674,2.8081171544715446,1.5787656910569106,3.058798048780487,0.0015447154471544715,0.6157675447154473
66,-11659.09077199282,-42.66203714685817,12.753832854578096,10.957664111310594,14.85469867145422,13.228540574506281,15.135945188509876,13.492491795332137,2.797163608617594,1.5705169120287252,3.0587857450628366,0.0011561938958707363,0.45867333393177745
67,-11642.992320261437,-22.231756973856207,27.59837352941176,28.421975816993463,28.338041176470593,28.77527614379085,27.713329084967324,28.626723529411766,2.819142124183007,1.5882574509803922,3.091247777777778,0.000565359477124183,0.5004718888888888
68,-11691.813270142182,-61.20758645023696,18.975663808703146,22.103845756139595,15.824342007755279,16.659707798362774,17.99301141749246,20.6490737182249,2.8300302326583373,1.5796968849633781,3.07245809133994,0.002947867298578199,0.4573318698836707
69,-11504.080263157894,-12.70416197368421,36.52205263157895,35.57730789473684,37.51381578947368,36.82587368421052,36.304421052631575,35.687897368421055,2.8221386842105263,1.5845418421052633,3.018665789473684,0.008184210526315789,0.660836894736842
70,-11675.354254727472,-65.708299863109,28.877012291434927,26.387354115684097,28.820627085650724,26.16347252502781,27.881274082313677,27.595019744160176,2.8194749999999997,1.5987182869855392,3.0937423859844273,0.0012447163515016688,0.4146408592880979
71,-11570.591714285712,-22.22693308428571,28.30685142857143,27.460042857142856,27.693489999999997,26.413332857142855,27.544578571428573,28.91496,2.8076777142857146,1.5828665714285717,3.0753491428571422,0.0018285714285714285,0.632048842857143
72,-11652.720019193857,-38.35458781861804,9.780214510556622,7.0470944049904025,13.13596811900192,11.872799894433783,11.47836641074856,10.15759357965451,2.7656069481765835,1.5851241842610364,3.101450777351247,0.00019289827255278313,0.3726164328214971
73,-11709.043704600484,-64.70026987328491,23.712194673123488,25.21892502017756,24.577241646489103,24.455502502017758,28.70388595641647,28.618729620661824,2.8251002663438256,1.5897545197740113,3.102791630347054,0.000536723163841808,0.3915752469733656
74,-11686.60010567101,-67.42459795280028,21.175424480450864,22.880772349418812,19.759792638252907,20.95542902430433,18.44076977809088,20.53522321239873,2.812771951391335,1.5905516766467067,3.091638016907362,0.0009834448749559707,0.46041307749207466
75,-11653.017548076923,-48.399295567211546,38.18841961538461,39.13926211538461,33.7530385576923,34.05305298076922,38.24530682692307,38.28290701923077,2.8115886153846157,1.5863760865384615,3.082192586538462,0.0008490384615384616,0.481471375
76,-11660.682046332044,-48.99764537837838,26.230585714285713,26.293390347490348,27.22398108108108,27.87184555984556,30.99448223938224,29.664043243243245,2.8153247490347493,1.5834839382239385,3.0904565637065633,0.001725868725868726,0.5133182857142857
77,-11647.822321981424,-43.1687299006192,29.83179659442725,28.92765464396285,30.661107739938075,29.747892414860683,24.544701702786377,23.365508204334365,2.8187372136222906,1.5881631424148606,3.11753040247678,0.0010061919504643962,0.5289548281733747
78,-11630.369123376624,-41.76912534082793,16.450880844155844,13.08004025974026,17.56749301948052,14.443038636363637,15.409432086038962,13.120227353896103,2.785872840909091,1.6222703733766233,3.1965686688311687,0.00017857142857142857,0.4659323327922078
79,-11625.289160839158,-35.494851076923084,26.864357342657346,27.487609790209792,27.05882027972028,27.57094965034965,28.504809090909095,29.336839860139854,2.825172097902098,1.5929013986013985,3.097531328671329,0.00206993006993007,0.44357946153846156
80,-11561.310144927536,-14.675047623188405,25.43945217391304,25.40552608695652,25.420910144927536,25.1290347826087,24.332124637681158,23.737927536231886,2.8145933333333337,1.5823143478260868,3.055886231884058,0.0028260869565217396,0.6638775072463768
81,-11626.956967213117,-47.99395409836065,31.365952459016395,32.34726967213114,29.464779508196724,28.656778688524586,28.727918032786885,30.0296131147541,2.8267589344262296,1.587596393442623,3.083913032786885,0.003926229508196722,0.45702354098360654
82,-11664.82047841307,-55.66573538249708,28.825237728510306,27.489925982108126,26.834260365616487,24.47214527421237,24.791015597043952,25.286783741734734,2.8105370089459356,1.5888937106184364,3.1261174212368728,0.00019058732010890703,0.46152934500194476
83,-11642.555816326529,-43.48803081734693,26.557632823129254,27.491846768707486,24.301784183673472,24.672193027210888,27.438017346938775,27.944340136054418,2.810737482993197,1.5858977551020408,3.098587619047619,0.0005459183673469388,0.5097686496598639
84,-11662.647903826617,-69.67340908601422,15.665235082966472,17.93717768371148,14.357466068405012,16.340716356247885,13.535511175076195,12.84946969183881,2.8035507551642396,1.5853616796478158,3.0972895563833394,0.00026244497121571286,0.3846885330172706
85,-11654.07765598651,-48.20400671163575,28.51859359190556,28.59586745362563,25.58988903878583,24.534846205733555,24.702821922428328,24.389352276559865,2.8148997976391232,1.5794354300168634,3.081520252951096,0.00031028667790893765,0.42611776222596964
86,-11645.86525423729,-36.73998466101695,19.55047118644068,18.013900847457624,19.722736016949153,17.809826694915255,17.495612711864407,16.498674152542375,2.7973751271186447,1.590816313559322,3.0971510593220333,0.0009745762711864408,0.49553605508474574
87,-11643.656808035712,-33.72343462276786,36.011437276785706,36.20576785714285,34.96057767857143,33.87297008928571,32.4855669642857,33.33605133928572,2.8174449553571432,1.5913433482142858,3.095830558035715,0.0005178571428571429,0.49225443080357134
88,-11634.299493629533,-72.82452579157138,29.63671973211369,27.294177589023196,28.83629627572689,26.413367428944795,25.47145135576609,23.05908474354786,2.8110237046716757,1.571910617445279,3.060264972231297,8.591963410650114e-05,0.3868776396602418
89,-11642.829401709405,-35.16439486894587,30.24987521367521,26.6979698005698,30.735421652421657,27.677779772079777,29.711784045584036,29.169241310541313,2.812209173789173,1.585949287749288,3.105738774928774,0.0008034188034188035,0.4959439088319088
90,-11673.296748768475,-47.030639452955675,12.70730169950739,12.329053448275861,10.216455492610837,8.38852066502463,12.11103104679803,13.27222869458128,2.7750137192118225,1.5750703817733993,3.0647985591133007,0.0001330049261083744,0.4187866514778325
91,-11670.199822695038,-50.61079724822695,27.05501631205674,28.62598014184397,24.892139361702128,25.905651063829787,24.73398794326241,26.941659219858156,2.8191746808510643,1.5901704609929077,3.1133137943262414,0.001702127659574468,0.382708780141844
92,-11676.548782961461,-37.592207915314404,21.67990010141988,19.386568509127788,21.30884827586207,17.750831795131845,16.93404700811359,16.083910750507098,2.8071112728194723,1.585942145030426,3.085669934077079,0.0016511156186612582,0.4735962094320487
93,-11675.961859504132,-67.03215444876034,28.685813553719008,25.58442049586777,32.04471033057851,30.16318066115703,29.32787487603306,26.37041479338843,2.8125026363636363,1.5884492809917357,3.1011585206611567,0.0008090909090909092,0.33216003636363634
94,-11660.625043668122,-46.13250739432314,31.45707471615721,29.45711794759825,29.096880524017468,26.24198218340611,26.842657947598248,27.534237423580787,2.792556497816594,1.5839295458515283,3.0908079344978168,3.100436681222708e-05,0.4010016262008734
95,-11668.624446952597,-47.98703947562641,28.8099467268623,25.80906800225734,26.599101805869072,23.566505361173817,26.391949209932278,28.00473064334086,2.8078205191873593,1.5900284650112864,3.108778256207675,0.0005095936794582394,0.489761453724605
96,-11615.856416819013,-36.875094641681905,10.15265180987203,8.768665009140767,12.763241846435099,12.42529857404022,12.25913168190128,11.153337952468007,2.785402778793419,1.5960125411334554,3.118516581352834,0.00027239488117001827,0.4524221060329068
97,-11691.78795404003,-41.40610456286138,27.19904848035582,26.279366271312078,25.92284899925871,25.88002742772424,29.623974128984432,29.559558117123796,2.8161597479614526,1.597977242401779,3.1241949666419573,0.0015159377316530766,0.39687401408450707
98,-11666.888341158061,-59.88687917996871,14.490080946791862,17.459511502347418,14.172433333333334,16.896959154929576,16.188842644757433,19.78432515649452,2.814669780907668,1.5831860054773084,3.1050067762128326,0.0012766040688575904,0.4372533313771517
99,-11657.645188679246,-71.4771938173585,30.500505660377357,28.51677226415094,33.76501301886792,32.97986547169811,28.106572264150945,26.97572471698113,2.821103226415094,1.5869994905660378,3.0898853962264146,0.0014150943396226414,0.3701439566037735
100,-11653.266548463356,-57.62607906888889,26.635934846335697,25.30361810874705,29.215700141843968,29.44175721040189,28.726055319148937,25.958235035460994,2.805236373522459,1.5986471962174942,3.0871712576832144,4.9172576832151295e-05,0.42266205200945633
101,-11647.431682539682,-57.42137531666667,26.635770555555556,24.156130238095233,24.407915396825395,20.992763968253968,23.75989603174603,25.133018809523808,2.79816323015873,1.5859476666666668,3.1083094285714283,0.00027936507936507935,0.4837582595238096
102,-11609.682415458934,-23.683490490628028,14.614844009661837,14.900209565217395,14.56224,15.23800893719807,16.698289710144927,17.038430917874393,2.796347632850242,1.580194879227053,3.066128743961353,0.0018985507246376812,0.5619564444444443
103,-11682.2537890625,-48.655610503906246,23.521464687500004,24.6891725,20.312214765625,21.192488749999995,20.814090859375,22.166837578125,2.82275965625,1.5932068671875002,3.0996022656249997,0.0007546875000000001,0.47122874140625
104,-11632.516956521738,-48.42939902664797,18.57818190743338,19.89736788218794,22.713745301542776,23.679644460028047,23.854703927068726,21.070643899018233,2.7923645021037866,1.583419340813464,3.087575049088359,0.0004726507713884993,0.4764657180925666
105,-11644.895954692556,-50.084200375404535,36.79865987055016,33.705748867313915,36.78226666666666,34.05951553398058,33.83576375404531,32.38753139158577,2.821590129449838,1.5883466666666668,3.10383142394822,0.001970873786407767,0.4660823495145632
106,-11668.887392611685,-63.39898310395189,26.588637929553265,28.403032689003435,22.393920532646046,23.031275644329895,24.774518728522334,27.236392525773198,2.8148645360824744,1.6064007817869417,3.125680790378007,0.00031829896907216497,0.44667530412371137
107,-11629.206543647977,-36.98580743094393,26.588944499645134,28.484256493967354,23.917074308019874,25.275879843860892,25.65474258339248,27.129553726046836,2.81024573456352,1.6012175585521644,3.113109517388218,0.0012129169623846703,0.46957112704045423
108,-11665.90348171701,-41.731397461005564,10.213846661367251,11.275330286168522,13.518222893481717,15.42653362480127,16.51283914944356,17.230287519872814,2.7988064348171706,1.6086794872813992,3.126746315580286,0.00020667726550079496,0.41669633545310025
109,-11705.09502412545,-69.98566817852834,29.603854704463206,29.228920144752713,29.383670024125454,29.000302653799757,26.47054234016888,24.320374366706876,2.8192202171290712,1.5803420747889023,3.118455639324488,0.000822074788902292,0.45094849095295536
110,-11687.638576779027,-62.61466414232209,22.17434606741573,18.889392696629216,23.517749438202248,20.4290170411985,21.630534644194757,20.28646348314607,2.827198277153558,1.591516217228464,3.0964785018726593,0.007683520599250939,0.49061373782771545
111,-11552.691176470586,-21.343482392156865,34.95254117647058,34.55148235294118,35.16403921568627,34.69748627450981,36.08407450980392,36.383968627450976,2.809773137254902,1.5808435294117649,3.039746666666667,0.003901960784313726,0.6151184705882352
112,-11572.454832535888,-37.86783277129187,29.550718181818183,27.89497559808612,29.49805406698565,26.97849712918661,25.941539712918665,27.567711004784694,2.809664497607656,1.601551244019139,3.131072535885168,0.001516746411483254,0.513464110047847
113,-11648.214578680203,-37.85951132690355,27.790882893401015,25.98619964467005,30.04404654822335,29.971391725888324,31.993997766497465,30.26840964467005,2.8088823654822335,1.5843826751269037,3.1099084822335024,0.0001421319796954315,0.4784348873096446
114,-11641.658228310502,-36.47494462748858,18.039768767123288,17.144130776255707,19.10843287671233,17.899314246575344,20.087117260273974,19.482281826484016,2.792947497716895,1.6189824566210045,3.1212135342465754,0.00022009132420091327,0.48351911506849315
115,-11647.370941558442,-37.420479110389614,21.628360714285716,24.04588896103896,23.220682142857143,25.108771428571426,27.487645454545458,27.19997045454545,2.8108313636363635,1.6104593506493505,3.139246525974026,0.0014253246753246755,0.5323670584415584
116,-11684.098678955454,-72.62027056651306,21.868658218125965,22.561513026113673,16.957172165898616,16.112578402457757,19.61766887864823,21.38930282642089,2.822412184331797,1.59996155453149,3.114428927803379,0.0042580645161290325,0.4099827001536098
117,-11680.03687139324,-68.53183064587797,25.4994355729596,26.60183293487222,28.04094422918384,29.51891306677659,30.313141797197034,29.176649587798842,2.823257176422094,1.6128953833470734,3.1568800082440234,0.0011145919208573787,0.31611308573784
118,-11625.672762148337,-45.233002805099744,24.873941534526857,26.271860562659846,26.351278567774933,27.429054884910485,30.862941585677753,30.710428491048596,2.822607248081841,1.5927518567774936,3.118847672634271,0.00035191815856777496,0.4048010480818414
119,-11664.033844049249,-43.86855564217966,32.25241267669858,29.812040857273143,32.7708796625627,30.125147697218424,28.239908162334704,25.685881714546284,2.7755647423620613,1.582044190606475,3.0581240127678977,0.0001272229822161423,0.4602983775649795
120,-11653.506314935064,-47.53564891132305,19.30079038149351,21.072954870129873,15.736063839285714,16.533131290584418,16.490788920454545,18.04294926948052,2.8145091274350653,1.5917687053571428,3.0939446915584417,0.0002337662337662338,0.4858758181818182
121,-11631.841780821916,-29.93655712785388,26.12822283105023,27.67067762557078,23.24257716894977,24.46193607305936,25.644633333333335,26.940164383561644,2.8055952054794524,1.5804879452054792,3.0653643835616444,0.001141552511415525,0.47364920547945205
122,-11688.11584938704,-62.08343040236427,21.06830140105079,20.64368555166375,17.362767425569178,15.742566199649739,18.271967338003503,20.505442031523643,2.819178309982487,1.5810375744308232,3.095377504378284,0.007718914185639229,0.4503240166374781
123,-11490.050000000001,-29.81730878787879,34.2087393939394,34.03487575757576,33.696842424242426,33.18421212121212,33.37500606060606,33.38703030303031,2.826055454545455,1.578331212121212,2.986343333333333,0.010727272727272726,0.6144455151515151
124,-11690.999976635516,-67.60319112210281,31.461463224299067,29.05991775700934,32.20037144859812,29.7180138317757,30.45297696261682,26.925972570093457,2.808903878504673,1.5944731401869159,3.126744345794392,0.000519158878504673,0.4160642308411215
125,-11667.257744585513,-37.88790713872293,32.19175362210605,30.58231314413742,27.67882935026139,25.928956758775207,29.23686893203884,30.449438088125472,2.8183224719940254,1.5967783047050037,3.100479432412248,0.0010224047796863333,0.4781590739357729
126,-11604.982523364491,-27.513997271962616,13.254935607476632,13.942483177570097,10.473393224299066,11.205925514018691,10.821239158878504,13.811333411214948,2.7885557009345794,1.5727389252336448,3.0775955140186917,0.0007616822429906543,0.517208261682243
127,-11664.225187969925,-48.7861461037594,32.98260541353383,30.325568721804512,35.176720150375935,33.364613834586464,29.87792,27.025776390977448,2.820132360902256,1.5954793383458645,3.1163631578947375,0.00061203007518797,0.506297354887218
128,-11657.71522556391,-61.43376007189849,21.7369547462406,21.603026033834585,18.91345831766917,16.99532626879699,17.68654967105263,17.012152866541356,2.783067814849624,1.6058383505639098,3.14402717575188,0.00013251879699248121,0.3871379765037594
