0,currentEnergy,Binding Energy,dist_activesite,dist_activesite2,dist_activesite3,dist_Ser_to_His,dist_His_Asp,dist_His_Asp2,dist_Ser133,dist_Ser133_2,dist_Ser133_3,dist_Ser133_to_His,dist_His129_Asp,dist_His129_Asp2,sasaSer,sasaSer133,sasaLig
1,-11648.314097560975,-47.61980775295935,26.13134986449865,25.989166178861787,27.02123745257453,2.7879170677506777,1.583856113821138,3.0715837723577235,18.918294168021678,19.451258363143626,18.00032256368564,2.9721011978319782,6.27280708401084,4.737995723577236,0.00016097560975609758,0.04039783197831978,0.502447214092141
2,-11644.188018664752,-61.222453397487435,23.74080552763819,20.83827480258435,22.378776669059583,2.8221182124910262,1.58849328068916,3.1018461162957642,13.198960739411344,13.808959432878678,10.466956920315864,4.786772498205312,4.394070057430008,4.26235631730079,0.029750897343862173,0.02987796123474515,0.4401981342426418
3,-11670.46137455289,-52.10095653331629,21.310948083801737,20.737057639243737,21.65142922841083,2.81548992335207,1.5853114971895759,3.0973838426162494,12.58168811957077,11.062157920286152,10.637576346448645,4.822885784363823,4.265828972917731,4.265998237097598,0.010575881451200819,0.03693561573837506,0.4633602217680122
4,-11638.851613756615,-28.594066328042327,22.3056082010582,20.44508439153439,20.673995767195766,2.8127571164021163,1.5819924074074077,3.064105052910053,11.158217883597885,9.979119074074074,7.260840238095238,4.272294338624339,1.647892486772487,3.1340650264550267,0.0027142857142857142,0.02173544973544974,0.4637853333333333
5,-11666.478639308856,-35.04396484384449,24.86851468682505,25.924733045356373,20.919535205183585,2.8093380129589636,1.5822634989200863,3.0710534989200866,13.964308574514039,10.525628034557236,10.86342343412527,4.303727602591792,2.327075464362851,1.96546686825054,0.0025680345572354213,0.07195248380129587,0.480934969762419
6,-11661.262423887587,-31.98215047540984,18.626005269320842,19.123038524590164,18.371584660421547,2.7996535480093674,1.6085834660421543,3.1130126932084305,8.511143243559719,7.135054203747073,7.102799660421545,4.379919180327868,2.957961779859485,1.6369356440281029,0.00045901639344262296,0.0014309133489461361,0.49891095901639343
7,-11639.984637362637,-34.21501734945055,16.95887736263736,18.745764395604397,17.25994065934066,2.8174037802197804,1.6104987032967033,3.1146607032967033,10.150337912087911,11.613161384615385,11.098648835164836,3.167656967032967,1.7799677142857147,3.1134525054945055,0.0006109890109890111,0.05601318681318681,0.5332736
8,-11650.152961992137,-38.278402076671036,17.547559108781126,17.792946657929228,19.495790039318482,2.8150515727391876,1.5849030013106162,3.0718447968545215,4.414427116644823,7.706188597640892,8.63302899082569,3.0028687811271295,3.186193079947575,2.057303342070773,0.004216251638269988,0.023499344692005243,0.44855493446920053
9,-11649.71891170431,-40.597944904106775,22.081429774127308,21.80203613963039,25.27968767967146,2.7919411088295685,1.583452566735113,3.0765099794661186,10.389727597535936,14.380288562628337,16.247639548254618,3.0992199589322382,6.840752135523614,5.665652135523614,0.00032032854209445585,0.026110882956878852,0.4692235379876797
10,-11680.884450718684,-55.28136261334086,25.802407186858314,22.84077181724846,25.86912818275154,2.7752588809034906,1.577262766940452,3.0638297946611908,16.361370780287476,16.981194152977412,14.14037567761807,3.4175179004106777,3.0999653388090347,1.709510590349076,0.00013090349075975359,0.12800205338809034,0.3967078957905544
11,-11568.044757281552,-12.614963382524271,27.323220388349515,26.70088252427185,27.335697087378644,2.8048218446601942,1.5735649514563104,3.072374077669902,16.315070485436888,16.630969126213593,15.839860582524272,3.3560273786407766,2.9961241747572824,1.5691838834951457,0.001650485436893204,0.15169902912621364,0.6177172718446602
12,-11659.57172671652,-42.38254951624745,17.29734758667573,19.905169816451394,13.4417101971448,2.818222576478586,1.5848773895309316,3.0741895241332426,6.0058706254248815,4.291191257647859,6.0500280421482,3.1838133922501695,1.6136486947654658,3.1865296261046905,0.0024670292318150922,0.00022433718558803533,0.44467160910944936
13,-11636.25461734694,-35.34023009107143,17.068362755102044,19.02614923469388,16.620442346938773,2.803272678571428,1.595245663265306,3.1091851530612242,7.112814387755103,6.360565510204083,7.549455510204082,4.042504489795919,2.89322418367347,1.6347840051020406,0.0003801020408163265,0.006607142857142857,0.5081707295918367
14,-11659.335171624714,-30.441879347520977,25.361753241800148,24.51255797101449,21.659397254004578,2.819839176201373,1.5876408619374525,3.0902566819221966,19.132885804729217,14.26817466819222,13.746755148741418,4.789518390541572,2.6372386651411137,2.503680038138825,0.01358047292143402,0.0816086956521739,0.42858849046529357
15,-11687.723567123287,-51.4724177270685,24.05812712328767,22.103811452054796,23.032219452054793,2.815376076712329,1.5985648328767124,3.1098439616438354,12.645358701369862,13.561934575342464,11.103061906849316,4.39953344109589,3.053007764383561,1.5842013808219177,0.0065441095890410965,0.018003835616438358,0.4505425232876712
16,-11612.7251758794,-15.34900914221106,21.676187939698494,21.6686959798995,22.2355175879397,2.8295971356783918,1.5840799497487437,3.069581909547739,12.80718904522613,13.242504422110551,13.236957185929649,4.950433316582914,4.442261909547739,4.580028542713568,0.018592964824120598,0.029999999999999995,0.5841242261306533
17,-11641.98885638298,-42.55357088617021,21.92713218085106,19.51408776595745,21.181024468085106,2.784511542553192,1.593029441489362,3.0879118617021275,10.553111728723405,10.150676329787235,7.4305503989361705,3.5287160372340427,3.0080163829787234,1.5396859574468085,0.0005106382978723404,0.011090425531914893,0.4692604335106383
18,-11663.040613052077,-52.59923795247198,22.627809558338825,20.069206460118654,21.68392551087673,2.8326639024390246,1.5912311667765326,3.1143421357943306,9.880069947264337,10.079116097560975,7.3446615359261695,4.247301779828609,2.895378352010547,1.7890837442320369,0.047127883981542516,0.0004561634805537245,0.48583471522742255
19,-11645.567553058676,-29.531464975131083,20.666301747815233,18.121439825218477,21.22536791510612,2.8224174781523095,1.5980819975031209,3.09981077403246,10.515414631710366,10.274334169787764,7.855282933832709,3.907777290886392,1.767495518102372,3.468389538077403,0.019478152309612983,0.00379900124843945,0.4501955018726591
20,-11670.186620660812,-58.65812865227938,23.316766081137597,20.902411125052275,24.4216904224174,2.8134039732329574,1.5838742116269344,3.068907636971978,13.282330330405689,15.842921062317021,13.907196336260977,4.421203157674613,1.4900354746967797,2.9686196821413633,0.0024466750313676287,0.026361355081555835,0.5097484487662065
21,-11683.201575135789,-67.57503216354857,24.594166385033194,22.211416173808086,22.78873264936632,2.7906616656608327,1.5761815147857572,3.0566489197344597,14.387164592637298,14.909384055522027,12.497550555220279,3.880637145443573,1.542293802051901,2.9439004345202178,0.00016958358479179244,0.02373023536511768,0.4591819444779722
22,-11666.951573660714,-45.31059759118303,22.705002901785708,21.438918526785706,21.479687500000004,2.7723254575892855,1.5746377008928572,3.0498291629464274,10.5367309375,10.447130580357143,9.33716435267857,3.7725115401785723,3.028850837053571,1.5006768861607143,0.00010044642857142857,0.09320758928571427,0.4992524319196428
23,-11657.069773499434,-42.86344392978482,18.520942129105325,17.967475877689694,19.441707701019254,2.8242925821064553,1.5906918346545866,3.0891125594563986,7.55020295583239,7.464925934314835,6.207425549263873,4.374319082672707,2.9588274518686304,2.0561698414496035,0.016305775764439413,0.0023488108720271803,0.4678521891279728
24,-11669.087296105803,-58.206927229243206,21.44338236590742,18.996892138133724,20.530741072740632,2.8192769728141074,1.5853596620132255,3.0790026304188096,11.10945912564291,11.364001300514328,8.058142777369582,4.47462164584864,4.118080918442322,4.649043108008817,0.01117340191036003,0.00031888317413666424,0.4418113651726672
25,-11575.991465517243,-20.12351223275862,25.672627586206897,25.654818103448278,25.34558965517241,2.82167301724138,1.5838293103448275,3.0608616379310343,16.102709137931036,16.153939396551724,16.072552586206896,4.413083879310345,3.69991525862069,3.7395602586206893,0.02847413793103449,0.019887931034482755,0.5884636724137932
26,-11583.803248407643,-21.143933014012738,20.231389808917196,19.57380382165605,20.884529299363056,2.802894331210191,1.594663121019108,3.0956033757961783,10.812201401273887,11.622430636942676,11.054661464968152,5.077844203821656,4.4001890445859875,4.180016050955414,0.01787898089171975,0.058764331210191076,0.5134235477707007
27,-11634.872266288952,-42.176913976487256,18.819660623229463,22.11539745042493,19.454624645892352,2.8114707648725212,1.5839093484419267,3.064417705382436,10.12307492917847,11.301163512747873,14.101813484419264,4.176253512747875,1.5457462039660057,2.9571358923512747,0.0013342776203966009,0.09125495750708215,0.4572904532577904
28,-11663.184341013824,-43.53687499262673,17.297650875576036,20.77901179723502,17.896698248847926,2.8030193732718898,1.5865114930875575,3.0877902396313366,9.316082046082949,11.75851867281106,14.637049493087558,3.474301271889401,2.0284200368663594,3.4210184331797238,0.0012368663594470048,0.01027926267281106,0.4049735668202765
29,-11639.193244353184,-38.394359294168375,15.439045995893224,16.84564928131417,17.32624866529774,2.7901792607802873,1.5928343737166322,3.089141437371663,5.859851211498973,6.225093511293634,5.0832051334702255,5.2618858110882964,3.2706104722792606,4.482035954825462,0.00018275154004106779,0.001026694045174538,0.5023666858316223
30,-11680.528804627249,-43.44493848187661,17.139593573264783,17.409835732647817,17.719041773778923,2.8165754498714652,1.5822315038560413,3.085817030848329,4.665114473007712,7.210635089974295,7.381691285347044,3.9939661825192805,1.5665631105398454,3.0027907455012857,0.0006580976863753213,0.0009023136246786631,0.4689703444730077
31,-11651.39380952381,-34.88637371976912,18.92103665223665,17.310831313131313,19.871774603174604,2.78202772005772,1.5765334199134198,3.061465815295815,8.611001904761904,10.880676435786436,9.07393987012987,3.978642842712843,1.6788942857142857,3.1255627417027414,0.00011688311688311687,0.02973737373737374,0.4819604069264069
32,-11662.585363223612,-43.83602596594779,16.443738365493758,19.607475425652666,18.54749602724177,2.8390545005675367,1.5914800681044268,3.11811546538025,4.944689676503972,8.932218870601586,10.86435014755959,4.933700919409762,5.09368598183882,4.044565646992054,0.03240749148694666,0.08410158910329173,0.46864789727582307
33,-11652.682181528662,-38.700437472293,19.172218630573248,17.78556210191083,16.902207643312103,2.8074396019108283,1.5789039968152865,3.063082356687898,9.209560843949044,9.426150589171973,6.48834719745223,4.021734808917198,1.6242788694267514,3.0618131050955415,0.0011863057324840766,0.0009777070063694269,0.4750141464968152
34,-11528.04788888889,-10.384857598888889,26.35427444444444,25.82231777777778,27.298482222222223,2.811088666666667,1.5787221111111114,3.035148888888889,14.93705222222222,16.211605666666667,15.98647188888889,4.330120555555555,3.0467967777777782,4.857411444444446,0.0025222222222222226,0.01778888888888889,0.6842230444444444
35,-11672.660028763183,-38.94154383413231,21.48469606903164,22.541382166826462,19.761811697027806,2.7812293959731544,1.5776135666347075,3.0616903355704697,10.156389012464047,10.529935349952062,10.114129971236817,3.4247226941514857,4.87957828379674,3.4171189645254074,0.00024928092042186004,0.022130393096836055,0.4686203662511985
36,-11655.439187214612,-41.96226213789954,20.733120913242008,17.672703561643832,24.49249634703196,2.8139305479452053,1.5830340365296804,3.0673834063926946,9.52072603652968,13.549158520547946,12.950780831050228,4.28105902283105,2.8879659269406392,1.5557335342465755,0.0013634703196347033,0.0008639269406392694,0.5352126009132421
37,-11653.273650627614,-53.28702102031381,24.39229644351464,25.277948640167363,19.583294246861918,2.817296558577407,1.586272520920502,3.067588953974896,11.83513408995816,7.5390642154811705,7.163438441422595,4.905880230125524,3.891559550209204,3.958185774058576,0.006117154811715482,0.009014644351464434,0.4536970658995816
38,-11674.413330893118,-71.57482128330894,20.53497401171303,19.218931625183018,22.332079282576867,2.800754604685212,1.589988682284041,3.0797347144948755,11.27694406295754,11.94150864568082,9.504117928257688,4.033694956076134,1.5684027086383603,2.9921009736456807,0.0010900439238653004,0.0713528550512445,0.4276347137628111
39,-11605.963333333335,-33.42012325603866,21.85861352657005,19.610692753623187,23.489958454106286,2.783230531400967,1.5967038647342995,3.101510966183575,9.705235652173915,12.191388647342997,10.555052898550725,3.910381207729469,3.902730628019323,2.551479468599034,0.0005410628019323671,0.014821256038647345,0.5238945458937198
40,-11675.312460890495,-73.29325249518652,24.305339109506615,20.927465583634177,24.05016624548736,2.805164813477738,1.5825987906137184,3.0640806558363414,13.064769632972324,14.796612815884476,12.117626618531888,4.19091023465704,1.5476118832731647,3.0784114861612517,0.0012003610108303252,0.08408664259927796,0.4676224614921781
41,-11643.92056924384,-38.7285456855565,16.92285564995752,17.332356499575194,20.378980288870007,2.8201246559048427,1.583397689039932,3.0850696941376383,5.938566745964316,9.935769796091758,9.861835734919286,4.61165950722175,1.6626998130841122,3.353705140186916,0.007861512319456245,0.0013933729821580289,0.5087988198810536
42,-11645.983476953908,-45.931146565531066,20.664816533066134,18.70679529058116,20.488493286573146,2.8047360821643283,1.5815524649298598,3.075200771543086,11.026571022044088,11.196458016032064,7.863124909819638,4.117417344689378,3.4678287074148293,5.124397264529058,0.0010010020040080161,0.0011402805611222444,0.4423701543086172
43,-11664.035250790781,-42.729089553999096,19.6596215996385,20.70475924084953,22.697103117939452,2.8283278129236327,1.5876545910528694,3.085396972435608,10.142506818798012,14.935115291459557,13.996220582919115,5.084447523723452,1.5228599683687303,2.8602613601446003,0.00639855399909625,0.08262358788974243,0.39838010302756444
44,-11630.146707317075,-39.95562923170731,17.871693205574914,15.31925104529617,18.284294947735194,2.8230212369337977,1.6035059581881534,3.112214285714286,6.482928327526133,8.928495714285715,7.950171167247387,3.4016277351916377,1.5522796864111499,3.0425294076655054,0.001745644599303136,0.021019163763066204,0.4742727508710801
45,-11680.20183698297,-54.152252588807784,18.821982603406326,18.972045255474452,18.83864793187348,2.786519379562044,1.5790679075425793,3.1044764598540144,10.05707622871046,7.165383503649635,8.117755571776156,4.095430827250609,1.5418890510948906,2.9650736253041363,0.00023600973236009734,0.09311922141119221,0.42744277615571774
46,-11296.484736842105,-18.36214631578947,22.08377894736842,22.011684210526315,21.910015789473686,2.8330252631578943,1.577874736842105,2.9352357894736842,9.749006315789474,10.424128947368422,8.773171052631579,4.805463157894737,4.492832631578947,3.986887894736842,0.007631578947368421,0.04010526315789474,0.7232816315789473
47,-11637.019220636665,-53.35209306037322,21.47923874862788,20.062860373216246,19.187393413830957,2.8125441931942916,1.5839078924259056,3.0808583095499453,9.964929088913282,9.706499198682764,7.909230746432491,4.598329099890231,3.2176492755214046,4.13942054884742,0.005277716794731066,0.00014379802414928651,0.45523284632272226
48,-11644.674638949673,-33.27273081925602,22.928430853391685,20.703677024070018,20.817338949671772,2.807304266958424,1.5802252078774617,3.063798905908096,10.68568794310722,8.725243216630197,5.798677811816192,4.216515579868709,1.7433900875273523,3.0738119037199123,0.002065645514223195,0.0025426695842450764,0.4582192844638949
49,-11655.686186006827,-37.44367057935153,22.431424829351535,20.06968395904437,23.82139411262799,2.82021635665529,1.587067372013652,3.0949464590443685,10.926283822525598,13.535444223549488,11.20798104095563,4.486728114334471,1.627868532423208,3.1905364249146757,0.0028984641638225253,0.05402474402730376,0.4659482116040956
50,-11670.952443636363,-53.057816773599995,22.21862472727273,18.953831854545456,24.690831418181816,2.837162821818182,1.5929979854545455,3.096917476363636,9.029394909090911,12.340748967272727,10.36398893818182,5.167375847272727,6.308147098181818,6.800090836363635,0.015546181818181822,0.019410181818181816,0.5014013701818182
51,-11647.561174351586,-47.52498845302594,18.958089481268008,15.753862824207493,18.707380475504323,2.8186889121037466,1.5853525504322763,3.101818782420749,7.4611483285302596,7.32267090778098,4.382056347262248,4.80610590778098,4.923933357348703,3.371977514409222,0.02470317002881844,0.004324927953890489,0.4976816563400577
52,-11657.923872017354,-47.1989546972885,20.072098806941437,16.686103579175704,22.295380802603034,2.8131373210412147,1.5809088394793926,3.079530216919739,8.707911876355748,11.4882223318872,9.116948839479393,4.369235010845988,1.555819197396963,3.0756288937093275,0.0031138828633405645,0.05148156182212582,0.46311518872017354
53,-11667.161263888887,-55.65623006944445,21.450434722222226,19.882183055555554,21.08429222222222,2.7932330833333334,1.5788926944444446,3.0647388194444445,8.775917124999998,9.738443680555557,8.265224833333331,4.015585472222222,1.5557099999999997,2.9659509027777777,0.00022500000000000005,0.020420833333333333,0.4380162736111111
54,-11566.039333333334,-12.887454974814816,28.21851407407408,27.569038518518518,27.90683851851852,2.80918874074074,1.5790082222222221,3.0481944444444444,17.559132296296298,17.300246740740743,16.507565111111116,4.4245919259259265,2.975605777777778,4.803711925925925,0.0024148148148148154,0.015466666666666667,0.6234352
55,-11666.599513513513,-38.58848356068796,21.48541646191646,20.775999213759214,20.747914987714985,2.8397622113022116,1.5951793906633907,3.1153336756756755,15.459771926289925,15.59079316953317,13.892481002457004,3.790882638820639,3.3237564766584766,1.9639016314496314,0.03346683046683047,0.032843734643734655,0.4611462923832924
56,-11651.882819277107,-27.724247792771088,20.05606297188755,23.169217269076306,22.067200883534134,2.8027187469879515,1.5905685381526105,3.0856298955823296,11.268288514056223,11.092082232931729,14.726609341365462,3.2214493012048195,1.5973466827309237,2.9970682570281126,0.0010851405622489961,0.007118072289156626,0.5025455823293172
57,-11652.860250544658,-53.360698717320275,19.26952331154684,18.486733877995647,20.079012200435727,2.808044302832243,1.5873098692810461,3.088010806100217,10.63842822440087,9.040101318082787,11.097469204793029,4.128836928104575,5.071916034858388,4.434344411764707,0.0029215686274509808,0.012868191721132897,0.38724967647058817
58,-11674.822715447153,-59.35516157235772,23.298865962059622,24.18053636856369,18.406525582655824,2.8277395121951225,1.5849590731707315,3.0861926449864496,11.956022802168022,6.354198493224933,6.991858471544715,4.432871972899728,3.024961907859079,1.5364007100271002,0.0058623306233062345,0.0766130081300813,0.4440354720867209
59,-11650.105463875205,-61.07713898891626,22.920767775041053,21.81810357142857,19.578390476190474,2.820672278325123,1.5810779556650247,3.0795746674876847,12.065916588669952,11.614398669950738,7.976124232348111,5.614040012315271,2.84033828817734,4.628795328407224,0.006144088669950739,0.1324027093596059,0.41540679885057474
60,-11674.195788819878,-46.663320259254654,18.918840993788816,19.38601118012422,20.896535527950313,2.818133341614907,1.588518633540373,3.102814795031056,7.967950981366459,10.566067068322983,11.187503751552795,4.950241652173912,5.10060203726708,3.4849477515527956,0.0380807453416149,0.06033416149068323,0.46629438509316773
61,-11649.998443396225,-44.087615959119496,16.710586477987423,18.321606603773585,20.24901871069183,2.805457924528302,1.584245786163522,3.0687684276729557,5.204063286163522,9.942449119496855,11.226174150943397,4.938328757861635,3.1241038993710695,1.743407562893082,0.0004088050314465409,0.0009040880503144653,0.4529367468553459
62,-11645.617058080807,-47.48644019949495,25.94744381313131,23.920714267676765,23.436572601010102,2.80261130050505,1.5827538888888888,3.0898749242424244,15.20351205808081,13.697960795454547,12.495700656565656,3.115847462121212,6.325130025252525,5.387985429292929,0.00016035353535353536,0.03805681818181818,0.4609467676767677
63,-11651.665,-40.15650478868501,22.67216513761468,23.516816360856268,24.836056422018352,2.797489266055046,1.581087981651376,3.074180626911315,15.423946819571865,18.676446788990823,18.77426620795107,4.339422752293578,1.6315359174311928,3.0108196177370035,0.0003333333333333334,0.058608562691131495,0.4419936865443425
64,-11631.181017639077,-40.19718055630936,23.659191180461328,21.891810719131612,22.130000678426057,2.8011700542740847,1.5794730393487109,3.0725244097693354,12.496791791044775,12.418374314789688,11.204876662143826,4.462100800542741,3.3136972455902303,3.8084326051560375,0.0017815468113975578,0.05113025780189958,0.46152305291723206
65,-11621.434257575756,-46.212947179848484,21.2585503030303,17.894683636363634,20.061426666666666,2.824995015151515,1.584166454545454,3.0968255454545455,13.581303181818178,15.179974484848483,13.720323227272726,3.806632606060606,4.531450651515151,4.4264868030303015,0.021437878787878784,0.025153030303030302,0.4467349318181818
66,-11645.282577319585,-42.73118905998125,21.68613139643861,19.76768847235239,20.51980909090909,2.7923272071227743,1.5960536832239922,3.1042874789128394,10.86710633552015,12.853224208059983,11.7415514339269,4.103131583880038,1.6872576194939082,3.029135932521087,0.00011246485473289598,0.06279475164011247,0.4996146766635426
67,-11664.53717872969,-45.12099575184639,18.010134022648945,17.697005957656327,17.619835352043328,2.7977739783357953,1.575363825701625,3.075569817823732,9.09997084194978,11.062603244707043,9.992522786804528,4.066275194485476,2.943439665189562,1.5500521171836534,0.00010930576070901035,0.05880797636632202,0.4190247666174298
68,-11665.456203630623,-49.46783864427782,22.481901973164955,20.654620363062353,21.874411602209943,2.818099613259669,1.5907309786898185,3.106011570639305,12.424655777426993,12.003393354380425,9.095361681136543,4.979811002367797,4.718352573007103,3.593621294396211,0.041432517758484604,0.028921862667719025,0.4423416101026045
69,-11664.217238754325,-45.66992662629758,16.020885743944635,16.48333972318339,17.556785467128027,2.8294950519031143,1.593676560553633,3.105253446366782,6.843961107266435,9.089339155709341,9.118728788927335,3.9339383875432525,5.068403356401384,3.947795840830449,0.026080276816608995,0.011773010380622836,0.46746516955017303
70,-11679.385550314466,-35.04650121603773,19.240578773584904,18.64702295597484,16.910509748427675,2.822875927672956,1.589461603773585,3.1092887421383644,8.328325518867924,8.467294418238993,6.901796367924528,5.013439842767296,4.990137389937107,3.642459229559748,0.0037877358490566036,0.003960691823899371,0.4790937547169811
71,-11640.92134816754,-41.92840969502617,21.81776321989529,19.11180235602094,21.029386387434553,2.8180112565445024,1.587773010471204,3.0971718586387436,11.584960523560207,10.935327369109949,7.9131607984293195,4.914757290575916,4.792340078534031,3.636062997382199,0.0324410994764398,0.05077356020942408,0.4612345994764398
72,-11638.381394230772,-34.92484051284341,17.690621565934066,20.187962156593404,13.512059203296703,2.8206203983516485,1.5833048420329672,3.0832497458791206,6.869236641483517,4.242096229395605,5.974493489010988,4.570870913461539,3.0477514217032966,4.888256675824176,0.0040013736263736265,0.00037843406593406596,0.47055437293956043
73,-11677.185240328254,-61.182826549589684,25.432359320046896,22.594005041031654,24.1285223915592,2.8100017467760843,1.5818023212192263,3.0874129073856977,14.988168815943727,12.833638886283707,9.753516834701054,4.463131324736225,4.641109624853458,3.6735557913247363,0.0013610785463071516,0.014223915592028138,0.48873635287221573
74,-11679.24755198117,-45.6665209520204,22.53084562573558,20.6002024323264,19.280914397803063,2.813090349156532,1.5796799450765007,3.0852818752451943,14.42494813652413,9.79579914868576,9.037797524519418,4.3284056885052955,2.9652516163201255,1.6418672812867792,0.0016449588073754416,0.02147744213417026,0.42101863318948607
75,-11649.702813075508,-64.72638695764272,24.463219567219152,20.861764502762433,24.46964806629834,2.8299047836095768,1.5897456307550646,3.1111506445672195,14.0549651427256,16.21220455801105,13.30603779926335,5.148861445672192,4.247369010128914,4.220913227440148,0.03305893186003683,0.08401979742173112,0.46136713443830574
76,-11653.206586638831,-36.06045014613779,21.042521294363254,21.18982995824635,21.403342066805845,2.808787745302714,1.5842716283924843,3.0762070981210856,9.933622870563674,11.427873883089772,11.691046096033404,4.320937881002088,2.2379711691022965,3.7795059290187893,0.0017233820459290196,0.01596659707724426,0.4671480991649269
77,-11663.8425913242,-40.03292704223744,20.362833333333334,18.62033082191781,24.364017808219174,2.8236136643835614,1.5844495205479454,3.0800642123287676,13.911604178082193,16.354860000000002,15.369929817351599,4.735327579908676,1.5290287214611873,3.027913630136986,0.006312785388127855,0.07470662100456621,0.47158633333333333
78,-11666.677995049506,-47.13204029497525,20.61357301980198,19.271963118811883,21.310234405940594,2.7927852475247517,1.585608366336634,3.0688403960396045,9.689421485148515,9.834956287128712,7.98480745049505,4.171064678217822,1.9431728712871283,3.298223217821782,0.0014975247524752478,0.0015272277227722773,0.501317599009901
79,-11653.31303839733,-45.048160905903174,17.7162305509182,16.63278697829716,18.64823222036728,2.8107071118530884,1.5963098330550918,3.1087496327212025,6.11365632721202,8.644658330550918,7.904955375626043,5.101887512520869,4.196039415692821,4.194203205342236,0.016592654424040065,0.00211686143572621,0.4603169282136894
80,-11667.845848765432,-54.43835572222223,23.335310339506172,24.76932716049383,18.27647237654321,2.832761851851852,1.582245262345679,3.1006790895061727,12.228910817901234,7.857612407407407,8.782753842592593,4.397901095679012,1.6233324074074074,3.1095250771604936,0.010322530864197531,0.07703086419753086,0.4293245941358025
81,-11674.023059190033,-47.24705801015576,16.746944299065422,20.444851339563858,17.82867414330218,2.8167200747663546,1.5818638816199375,3.08296784423676,5.46725692834891,8.49289952647975,10.686575177570091,5.317118311526481,5.811524498442368,6.961250024922118,0.006981308411214955,0.00037694704049844236,0.43404756697819313
82,-11525.563913043476,-13.236100610144927,26.36019565217391,25.652440579710145,26.52440579710145,2.8239537681159423,1.5784321739130436,3.0510272463768118,15.754799275362318,15.884038985507248,15.278584202898548,4.548490000000001,2.9570149275362327,4.228430289855072,0.005956521739130435,0.0083768115942029,0.6428932173913043
83,-11613.707555147059,-14.104511363051472,22.190345772058823,22.56947757352941,21.529742647058825,2.7999814705882358,1.5863054963235292,3.0895033088235295,12.411413088235292,10.98450606617647,10.675993768382355,3.4745629227941177,4.667924981617648,3.2076088419117648,0.0006654411764705883,0.026095588235294117,0.5665885165441177
84,-11634.792833988213,-54.386928778487224,23.031487180746563,19.909782023575637,24.30013379174853,2.7774691306483303,1.5846652652259334,3.091520785854617,12.490658998035363,15.556384071709234,13.028621296660118,4.079362917485265,1.5642976424361492,3.0015186640471514,3.536345776031435e-05,0.07577946954813358,0.48335469155206284
85,-11627.483304721027,-34.299558746781116,26.519064377682405,24.236806008583695,24.95758025751073,2.816498626609442,1.5799664806866955,3.0732100000000004,14.121182274678112,13.59275931330472,10.684345665236053,3.3435946781115873,1.774842703862661,3.087589442060086,0.0015236051502145929,0.0192961373390558,0.5168309356223176
86,-11641.833000000002,-48.63415874324325,21.370892702702708,22.830153783783782,17.71799594594595,2.8099271621621624,1.583528027027027,3.0679773243243247,10.34822889189189,6.269450567567568,7.056571405405406,4.165163135135135,1.7136025945945945,3.0944368378378377,0.0022378378378378385,0.01516216216216216,0.4967707
87,-11652.626917339969,-58.91981580360471,20.229360472343068,21.1555702921069,18.83073884400249,2.8163487383467998,1.5921933685518954,3.1022373151025486,8.492519987569919,8.49426073337477,10.05271298943443,3.87317579863269,2.492581379738969,1.6417514356743315,0.012918582970789313,0.005039154754505904,0.48819253387197015
88,-11671.46089991929,-61.87457699543987,17.314744834543983,20.39530702179177,17.39472300242131,2.783886573849879,1.5754003995157386,3.073302142857143,5.102996937046004,7.578564229217112,10.030140230024214,4.338231884584342,2.300533559322034,1.790906787732042,0.0001404358353510896,0.10283454398708636,0.3816650447941889
89,-11662.195615114235,-37.679039559604576,23.52997908611599,20.34096344463972,25.388929789103695,2.8216438488576454,1.5849882864674871,3.075797855887522,11.947178971880492,14.742586441124777,12.572907495606326,4.554223769771529,3.0150771089630934,1.4924335500878736,0.003320738137082601,0.029720562390158176,0.45145350527240774
90,-11665.269310000001,-40.346125400000005,18.7251356,16.265375499999998,19.3569836,2.81540357,1.5807297100000002,3.07563799,6.9402063,8.139075799999999,6.88359616,4.57044045,1.5692543799999998,2.82562279,0.0039580000000000014,0.000522,0.4765344140000001
91,-11668.520222482437,-52.75532039355972,23.376756947697114,23.597999570647936,23.1234818501171,2.7982169476971115,1.5833510031225604,3.0828379352068693,12.809608103044496,14.70671119047619,12.64127849726776,4.5194280796252935,1.5502029547228728,3.0720207494145195,0.0007501951600312256,0.030188134270101488,0.4059023173302108
92,-11653.932040816328,-48.41243828035121,23.53362273374466,22.63451537731372,19.624950261034645,2.7560092643569054,1.5746575794969153,3.0512231988609395,13.637721376364498,9.104007631703844,7.510259829140958,3.847813412434742,1.552996511627907,3.1911378690080685,0.000132890365448505,0.0910659705742762,0.41216302752729
93,-11646.949076728499,-51.6690555017285,22.148488954468807,21.58060581787521,19.98002411467116,2.818627129005059,1.5844711172006747,3.097115796795953,10.875614768128163,11.309653849072513,9.053265986509276,5.108186576728499,4.273095012647555,4.2004139586846545,0.03316905564924115,0.07422217537942663,0.44970681956155145
94,-11685.804417040357,-48.58557854334829,20.80523034379671,20.755387070254113,17.901193198804187,2.789281965620329,1.576790582959641,3.0548315246636775,8.976747638266069,5.86597187593423,7.6406991180866966,4.169430986547085,1.5877560313901349,3.0034674813153965,0.0001853512705530643,0.07893124065769805,0.407732312406577
95,-11640.56619501855,-39.400744294170636,21.41626958134605,19.722234605193428,23.52312384737679,2.815979894011659,1.5859238314785375,3.1077930206677262,11.873630498145204,12.792529570747217,11.093678060413353,4.1720646475887655,4.451459364069952,4.183268039215687,0.025907790143084263,0.03223582405935347,0.4639344281928987
96,-11678.274886363635,-67.36417130642633,18.71036951410658,17.106263362068965,18.355474020376175,2.780603342476489,1.5700202194357367,3.0659359130094046,9.793838973354234,6.781656516457679,4.121328957680251,4.179693240595611,2.961063369905956,1.5533743103448274,0.00014968652037617556,0.0430764106583072,0.4011414639498433
97,-11661.38235059761,-42.62220139737052,18.39265816733068,18.993964010624172,19.11518432934927,2.812413094289508,1.5837696281540505,3.1141785922974763,6.941942523240372,9.924393359893758,9.731779362549801,4.663425152722444,3.323635099601594,1.7521276759628153,0.00301859229747676,0.03030411686586986,0.47127210358565735
98,-11621.133971119134,-30.592469558050546,22.405675090252707,22.739618411552346,20.465601083032492,2.813647364620939,1.583203357400722,3.068560324909747,12.048019386281588,10.296111010830325,8.742736750902527,4.210777617328519,3.3801671841155234,2.172041877256318,0.0035956678700361016,0.045859205776173285,0.5241673285198556
99,-11662.907160367722,-45.826468315219614,16.799025025536263,18.70985474974464,15.322170275791626,2.805166302349336,1.5790481307456588,3.0655364249233905,4.8027851787538305,4.908333963227784,7.4105166802860065,4.155874790602656,2.98326253319714,1.5800461184882533,0.0014116445352400412,0.0027231869254341163,0.48260296731358526
100,-11664.349479267117,-41.02114204956605,24.431364030858248,23.329698746383794,21.049551108968178,2.8236490838958535,1.5906152941176472,3.110231128254581,13.80017607521697,11.170796287367407,10.586332266152365,4.872921427193829,4.44285050144648,3.695392700096433,0.03311378977820638,0.08229701060752168,0.48448754387656706
101,-11675.622845433256,-37.58909434192037,18.24965761124122,16.517898594847775,18.82657669789227,2.8101735948477753,1.5949694847775178,3.1049373653395786,7.7886658430913345,7.663165163934426,7.12326,4.605258114754099,3.0852129742388756,1.5691622716627633,0.0009988290398126466,0.001477751756440281,0.44680940866510543
102,-11647.749150179854,-49.49974153754496,20.607094874100717,18.697970278776978,18.967525539568346,2.8086221807553953,1.5879767131294964,3.08570878147482,8.819967504496404,7.687932945143886,4.872488893884892,4.201470337230216,5.097476573741008,4.404176524280575,0.008050359712230216,0.000285521582733813,0.4290182846223022
103,-11643.832720763723,-56.052301649164676,19.050531026252983,18.97134677804296,20.388964677804292,2.79610584725537,1.597800357995227,3.106796348448688,8.116602840095466,12.01507324582339,12.106904725536994,4.6697824582338905,4.944349737470167,3.2837370167064437,0.033589498806682584,0.08779236276849642,0.46349491408114557
104,-11644.009457259159,-39.45881387905925,17.70643631840796,19.22651221166893,18.046809000452285,2.812365373134328,1.583097381275441,3.073121252826775,7.694470271370421,10.354399122568973,11.996526137494344,4.531540583446404,3.435286331976481,4.558547969244686,0.003858887381275441,0.0036404341926729983,0.4500374260515604
105,-11658.16773206751,-52.59100223544304,19.298466244725738,17.918193565400845,21.52565981012658,2.784971065400844,1.581151075949367,3.0633485970464136,8.006751803797469,10.16020762658228,8.871473375527426,3.9658456856540085,1.5521612974683545,2.9756458438818565,9.28270042194093e-05,0.026139240506329115,0.5026781772151898
106,-11624.461223880597,-35.18240643671642,19.813233731343285,17.036219999999997,21.924033134328358,2.7996039104477615,1.5959897313432836,3.115482865671642,8.25916328358209,10.047038955223881,7.60355191044776,4.151510208955224,1.783398985074627,3.1499626268656717,0.0019492537313432836,0.0011014925373134328,0.5200951820895523
107,-11665.203752380954,-52.014874391739674,8.499812082539684,9.830016431746033,8.568141841269842,2.8275297015873013,1.6430370603174604,3.302284273015873,14.871529568253967,13.068765034920634,9.741120749206349,3.251826133333333,1.5935666476190478,3.0050453841269844,0.00013206349206349208,0.10415238095238097,0.41800708634920636
108,-11651.46229347826,-37.02820512717391,23.041831630434782,23.117216195652173,22.853254673913042,2.831619467391304,1.5907898369565217,3.111622858695652,13.833584010869565,15.092433391304347,14.048137478260868,4.810832315217391,3.796180315217392,2.345834804347826,0.04541413043478262,0.07227499999999999,0.4599058782608696
109,-11672.220482529117,-45.015237386023294,24.502785024958403,21.538659400998334,25.033670049916804,2.7824451081530786,1.577133377703827,3.0566227454242934,15.352316755407653,14.476013477537437,11.502867354409316,4.247837437603994,1.8647852911813643,3.3709995673876874,0.0003178036605657238,0.06153910149750416,0.42777670382695504
110,-11643.620078369906,-23.478549034482757,21.36947931034483,21.57339764890282,18.47999373040752,2.8092450470219434,1.5824498746081501,3.0795585109717867,13.858307664576802,11.364282664576804,11.345874608150469,4.349871300940439,1.9112359717868341,2.691135172413793,0.0012131661442006272,0.05736206896551723,0.47398944670846394
111,-11620.93682,-26.695485225200002,22.1233746,21.881369600000003,21.804244599999997,2.8012623399999996,1.5821051399999997,3.07358536,11.711808439999999,12.76886634,12.69157172,4.14963718,2.25913876,3.86434998,0.0015500000000000002,0.021558000000000004,0.5159805839999999
112,-11576.640785714286,-26.618208419285722,18.974887142857142,18.85447142857143,16.665290714285714,2.814454,1.5900755714285713,3.085228357142857,11.604495,11.778874285714284,9.833983071428573,4.5739315000000005,4.589317928571428,4.071366642857143,0.019642857142857142,0.02335,0.5462224714285715
113,-11669.208704710145,-57.99704577264492,21.82799456521739,21.25148016304348,18.76687798913043,2.805977635869565,1.5811541304347823,3.0813290760869565,11.214084130434784,9.895954492753624,9.943556494565216,4.009625371376813,4.152659664855073,5.649450036231884,0.0011684782608695652,0.0003315217391304348,0.43888690307971007
114,-11618.347598039212,-29.945039672843134,24.150418627450982,24.1981568627451,21.766288725490192,2.7972043627450978,1.5784913235294113,3.051487990196079,14.84434568627451,12.81760901960784,13.375969166666664,4.16760593137255,2.9486339215686277,1.5682884313725487,0.0009362745098039216,0.08020098039215685,0.49988158333333327
115,-11641.766529680364,-57.31109218873669,16.38864809741248,16.656621461187218,15.064401369863011,2.8210127701674277,1.5917032420091324,3.121539543378995,5.114098021308981,6.8502547336377475,5.371438371385085,5.427664642313546,4.134869589041097,3.9515083105022826,0.0469041095890411,0.0011232876712328767,0.47641780974124803
116,-11649.68801458671,-46.60806645980551,20.37917811993517,21.321339141004863,17.963843922204216,2.8080049594813614,1.5869122285251216,3.0914415721231765,9.746109586709885,10.119049951377633,11.794725551053485,4.131709100486224,2.9805971961102107,1.5813147649918962,0.00040761750405186387,0.04063209076175041,0.43231518638573746
117,-11637.039274965802,-46.26206448426812,20.542709439124486,17.595871135430915,20.639800820793432,2.805681190150479,1.582109876880985,3.0786244459644325,10.077547975376197,10.794188481532148,7.849341846785225,5.163315047879617,4.221780766073871,5.658821477428181,0.0006716826265389877,0.00021477428180574556,0.4478666484268126
118,-11618.998856304985,-37.004790674486806,16.988530791788857,19.58326715542522,21.45313841642229,2.8053786803519065,1.5840131378299118,3.0958108797653963,6.16023835777126,10.313964780058651,11.568300879765397,4.0637478592375365,1.5893902639296187,2.668749149560117,0.0005454545454545456,0.037196480938416425,0.48557692668621705
119,-11640.333402555909,-39.658950293610225,19.37435623003195,17.030700638977635,20.07890447284345,2.7850453993610222,1.5771494568690096,3.0527345846645364,9.560913961661342,10.548479169329074,7.719457348242813,4.054554840255591,1.629198785942492,2.4953383226837063,0.0003690095846645368,0.0012955271565495206,0.4632978146964856
120,-11685.123528571427,-71.58063746966667,22.409209619047616,18.359713333333335,23.552920571428572,2.8119019857142855,1.5835040571428571,3.092440319047619,12.357986114285715,13.889630985714286,11.12181745238095,3.8875397619047622,1.5719706666666666,3.0437175095238094,0.001155714285714286,0.02443047619047619,0.4141656561904762
121,-11660.208717391304,-43.23009712347826,22.536531739130435,22.203769565217396,18.964411086956517,2.8191067826086953,1.584896652173913,3.073815543478261,11.995472934782608,8.858333108695653,6.275418391304346,5.39556454347826,3.6507179782608694,1.9315107391304347,0.0012543478260869567,0.0417391304347826,0.4372820217391304
122,-11660.664539106147,-55.289004266759775,19.15437374301676,18.1766530726257,19.146435055865922,2.8055789525139665,1.599460251396648,3.1219023882681567,9.55933752793296,6.803569776536313,6.796664553072626,2.9142471229050284,6.131197779329609,4.472254762569832,0.0001717877094972067,0.058231843575418996,0.444134094972067
123,-11647.395260029718,-45.19430606686479,21.210717830609216,21.646575631500745,19.38492912332838,2.813069687964339,1.583861307578009,3.080258632986627,9.897029687964336,7.884907815750372,6.277891456166418,5.398188187221398,2.046842971768202,2.548394591381872,0.008918276374442794,0.026988112927191686,0.4736168692421991
124,-11660.682649219469,-43.81419624885216,23.457852112029386,21.155178741965106,21.538636960514236,2.803456836547291,1.5824189348025712,3.07778430211203,14.303486157024794,13.684793466483013,12.072931115702481,5.123170886134069,5.7462372543618,5.7210416988062445,0.0038636363636363634,0.03071946740128559,0.42849598071625344
125,-11667.33208108108,-55.23513459621621,22.22083054054054,21.863589729729732,20.945481351351347,2.8064185135135133,1.5833034954954954,3.0667188828828826,12.919636171171172,10.488763234234234,7.279376846846846,4.052295477477478,1.6684485225225225,3.058903648648649,0.00210990990990991,0.0780018018018018,0.43783845045045044
126,-11660.342625160461,-49.76589869120668,26.619817458279847,24.0188082156611,24.53426264441592,2.816398055198973,1.5928844223363285,3.0906558664955073,17.255894955070602,16.48860295250321,13.017402394094995,4.4107346148908855,1.5754954428754815,3.132858048780488,0.005725930680359436,0.07292747111681643,0.4673528376123235
127,-11641.952245430812,-32.036037114882504,17.933493472584857,17.988987989556136,17.324089817232377,2.8064911749347257,1.579879347258486,3.055786083550914,7.099634621409921,8.583619582245431,8.171580496083552,3.992988694516971,2.96523817232376,1.5631978067885117,0.0015718015665796346,0.00512532637075718,0.5095366945169713
